"","ID","ref","theta.hr","pvalue.hr","theta.hn","pvalue.hn","theta.unif","pvalue.unif","max_theta","ndet","best.key","full.theta","T","reference","site","Scientific_name","ct_brand","ct_type","Country","ct_height","body_mass","start_year","max_theta_site","capture_events","data.family","data.genus","data.order","data.species","LOOCV_predicted_theta"
"1","Irish hare Caravaggi16","Caravaggi16",0.608906504185461,0.922505813727365,0.507001315274526,0.019745299438402,0.524436708941926,0.0604513443568974,1.37340076694502,431,"hr",0.608906504185461,"60","Caravaggi et al. (2016)","Caravaggi16","Lepus timidus","Bushnell","119477","Ireland",0.3,3.10542,2013,1.37340076694502,NA,"Leporidae","Lepus","Rodentia","timidus",NA
"2","White-tailed deer Delisle23","Delisle23",0.958319436311969,5.51946213700472e-05,0.959931082995524,5.30652400686504e-05,0.780758052285529,1.26741485185766e-05,0.959931088596881,934,"hr",0.958319436311969,"1.9","Delisle et al. (2023)","Delisle23","Odocoileus virginianus","Browning","Strike Force/5HDE","USA",1,75.90125,2019,0.959931088596881,NA,"Cervidae","Odocoileus","Ungulata","virginianus",NA
"3","Hedgehog Mixed Lee25","Lee25",0.383907587260149,0.0989456651772225,0.344617847539213,0.121112211442023,0.337573511388441,0.111283279611495,0.436332312998582,340,"hn",0.344617847539213,"300","Lee et al. (2025)","Mixed","Erinaceus europaeus","Bushnell","119837","UK",0.3,0.77795,2018,0.436332312998582,NA,"Erinaceidae","Erinaceus","Rodentia","europaeus",NA
"4","Hedgehog Arable Lee25","Lee25",0.348479794869702,0.000464131512479149,NA,NA,0.349065850398866,0.000524982321455481,0.349065850398866,113,"unif",0.349065850398866,"300","Lee et al. (2025)","Arable","Erinaceus europaeus","Bushnell","119837","UK",0.3,0.77795,2018,0.349065850398866,NA,"Erinaceidae","Erinaceus","Rodentia","europaeus",NA
"5","Hedgehog Pasture Lee25","Lee25",0.348479794869705,0.130867225404021,0.349065849775858,0.138485258066084,0.349065850398866,0.138485260743943,0.349065850398866,114,"unif",0.349065850398866,"300","Lee et al. (2025)","Pasture","Erinaceus europaeus","Bushnell","119837","UK",0.3,0.77795,2018,0.349065850398866,NA,"Erinaceidae","Erinaceus","Rodentia","europaeus",NA
"6","Brown hyena_McKaughan_survey1 McKaughan2023","McKaughan2023",0.898488967516852,3.40486745842306e-06,0.856493675918128,1.11748895892383e-06,0.799637620724634,6.76147498768209e-07,0.9,684,"hr",0.898488967516852,"0.5","McKaughan, Stephens & Hill (2023)","McKaughan_survey1 ","Hyaena brunnea","Browning","Strike Force HD Pro","South Africa",0.7,42.97793,2019,0.9,NA,"Hyaenidae","Hyaena","Carnivora","brunnea",NA
"7","African civet_McKaughan_survey1 McKaughan2023","McKaughan2023",0.79496117740075,8.76489274270753e-07,0.76722124770962,9.84048569852014e-07,0.761834988267504,1.45573402077215e-06,0.9,565,"unif",0.761834988267504,"0.5","McKaughan, Stephens & Hill (2023)","McKaughan_survey1 ","Civettictis civetta","Browning","Strike Force HD Pro","South Africa",0.7,12.07558,2019,0.9,NA,"Viverridae","Civettictis","Carnivora","civetta",NA
"8","Black-backed jackal_McKaughan_survey1 McKaughan2023","McKaughan2023",0.659172365441053,0.0106111893547444,0.641632618977127,0.0111194688296424,0.633628103984208,0.0108281445893817,0.9,2491,"hn",0.641632618977127,"0.5","McKaughan, Stephens & Hill (2023)","McKaughan_survey1 ","Canis mesomelas","Browning","Strike Force HD Pro","South Africa",0.7,8.2473,2019,0.9,NA,"Canidae","Canis","Carnivora","mesomelas",NA
"9","Caracal_McKaughan_survey1 McKaughan2023","McKaughan2023",0.573792110382596,0.0662199013983824,0.741245798925285,0.0562254493419339,0.683876253285389,0.0711690996903011,0.9,60,"unif",0.683876253285389,"0.5","McKaughan, Stephens & Hill (2023)","McKaughan_survey2","Caracal caracal","Browning","Strike Force HD Pro","South Africa",0.7,11.96438,2019,0.9,NA,"Felidae","Caracal","Carnivora","caracal",NA
"10","Leopard_McKaughan_survey1 McKaughan2023","McKaughan2023",0.898488967516854,0.000206771495501967,0.899999865683703,0.000224407944117044,0.9,0.000224408779656682,0.9,117,"unif",0.9,"0.5","McKaughan, Stephens & Hill (2023)","McKaughan_survey1 ","Panthera pardus","Browning","Strike Force HD Pro","South Africa",0.7,52.39999,2019,0.9,NA,"Felidae","Panthera","Carnivora","pardus",NA
"11","Brown hyena_McKaughan_survey2 McKaughan2023","McKaughan2023",0.898488967516888,1.99120711529277e-05,0.899999995384257,2.01560157095937e-05,0.9,2.01560152314206e-05,0.9,286,"hn",0.899999995384257,"0.5","McKaughan, Stephens & Hill (2023)","McKaughan_survey1 ","Hyaena brunnea","Browning","Strike Force HD Pro","South Africa",0.7,42.97793,2019,0.9,NA,"Hyaenidae","Hyaena","Carnivora","brunnea",NA
"12","African civet_McKaughan_survey2 McKaughan2023","McKaughan2023",0.898488967516926,0.00294519446734809,0.899999995271914,0.002992005336523,0.9,0.0029920054266116,0.9,58,"unif",0.9,"0.5","McKaughan, Stephens & Hill (2023)","McKaughan_survey2","Civettictis civetta","Browning","Strike Force HD Pro","South Africa",0.7,12.07558,2019,0.9,NA,"Viverridae","Civettictis","Carnivora","civetta",NA
"13","Black-backed jackal_McKaughan_survey2 McKaughan2023","McKaughan2023",0.613043643049,6.40393104406334e-05,0.752218170345213,0.000227156679878937,0.609894217665465,4.92203076585263e-05,0.9,862,"hn",0.752218170345213,"0.5","McKaughan, Stephens & Hill (2023)","McKaughan_survey2","Canis mesomelas","Browning","Strike Force HD Pro","South Africa",0.7,8.2473,2019,0.9,NA,"Canidae","Canis","Carnivora","mesomelas",NA
"14","Badger Miles24","Miles24",0.90334048250868,0.84773432281748,0.781813843093792,0.348863692185339,0.841328617338785,0.484144169753586,1.243006182,61,"hr",0.90334048250868,"contact","Miles et al. (2024)","SiteABCDEF","Meles meles","Browning","Strike Force HD Pro","UK",0.35,11.88403,2019,1.243006182,NA,"Mustelidae","Meles","Carnivora","meles",NA
"15","A_RD_REM Palencia21","Palencia21",0.73180756944462,0.00178907580270826,0.733038283345017,0.00173088942645072,0.733038285837618,0.00173088938400101,0.733038285837618,197,"hr",0.73180756944462,"contact","Palencia et al. (2021)","Palencia2021SiteA","Cervus elaphus","Bushnell","Aggressor Trophy Cam","Spain",0.45,240.86713,2018,0.733038285837618,NA,"Cervidae","Cervus","Ungulata","elaphus",NA
"16","A_WB_REM Palencia21","Palencia21",0.732668025851801,0.00530299114667543,0.733038280391372,0.00526871575611476,0.733038285837618,0.00526871556649455,0.733038285837618,194,"hr",0.732668025851801,"contact","Palencia et al. (2021)","Palencia2021SiteA","Sus scrofa","Bushnell","Aggressor Trophy Cam","Spain",0.45,84.47154,2018,0.733038285837618,NA,"Suidae","Sus","Ungulata","scrofa",NA
"17","A_RF_REM Palencia21","Palencia21",0.731807569444592,0.169674934849368,0.733037543941815,0.171780832744279,0.733038285837618,0.171782104127692,0.733038285837618,213,"unif",0.733038285837618,"contact","Palencia et al. (2021)","Palencia2021SiteA","Vulpes vulpes","Bushnell","Aggressor Trophy Cam","Spain",0.45,4.82036,2018,0.733038285837618,NA,"Canidae","Vulpes","Carnivora","vulpes",NA
"18","B_RD_REM Palencia21","Palencia21",0.731807569444608,0.00856428130149534,0.733038283345901,0.00842300225434311,0.733038285837618,0.00842300214030201,0.733038285837618,261,"hr",0.731807569444608,"contact","Palencia et al. (2021)","Palencia2021SiteB","Cervus elaphus","Bushnell","Aggressor Trophy Cam","Spain",0.45,240.86713,2018,0.733038285837618,NA,"Cervidae","Cervus","Ungulata","elaphus",NA
"19","B_WB_REM Palencia21","Palencia21",0.731807569444801,0.00253581506317246,0.733038283345381,0.00244361408137916,0.733038285837618,0.00244361400202309,0.733038285837618,232,"hr",0.731807569444801,"contact","Palencia et al. (2021)","Palencia2021SiteB","Sus scrofa","Bushnell","Aggressor Trophy Cam","Spain",0.45,84.47154,2018,0.733038285837618,NA,"Suidae","Sus","Ungulata","scrofa",NA
"20","B_RF_REM Palencia21","Palencia21",0.731807569444603,0.00697476276698727,0.733037543942089,0.00761486933687561,0.733038285837618,0.00761509240944058,0.733038285837618,134,"unif",0.733038285837618,"contact","Palencia et al. (2021)","Palencia2021SiteB","Vulpes vulpes","Bushnell","Aggressor Trophy Cam","Spain",0.45,4.82036,2018,0.733038285837618,NA,"Canidae","Vulpes","Carnivora","vulpes",NA
"21","A-FallowDeer Palencia22","Palencia22",0.731807569444637,0.00358747477092902,0.733038283343766,0.00382464942979832,0.733038285837618,0.00382464960341233,0.733038285837618,58,"unif",0.733038285837618,"contact","Palencia et al. (2022)","Palencia2022SiteA","Dama dama","Bushnell","Aggressor Trophy Cam","Spain",0.5,57.22461,2018,0.733038285837618,NA,"Cervidae","Dama","Ungulata","dama",NA
"22","A-WildBoar Palencia22","Palencia22",0.731807569444586,0.00626806880539743,0.733038283347383,0.00609710697372845,0.733038285837618,0.00609710683959575,0.733038285837618,359,"hr",0.731807569444586,"contact","Palencia et al. (2022)","Palencia2022SiteA","Sus scrofa","Bushnell","Aggressor Trophy Cam","Spain",0.5,84.47154,2018,0.733038285837618,NA,"Suidae","Sus","Ungulata","scrofa",NA
"23","B-IberianHare Palencia22","Palencia22",0.891109514461146,0.126057973179595,0.941816937717968,0.253929969487431,0.942477796076938,0.255036411611048,0.942477796076938,88,"unif",0.942477796076938,"contact","Palencia et al. (2022)","Palencia2022SiteB","Lepus granatensis","Browning","Strike Force HD Pro X","Spain",0.2,2.32394,2018,0.942477796076938,NA,"Leporidae","Lepus","Rodentia","granatensis",NA
"24","B-RoeDeer Palencia22","Palencia22",0.78474818742193,3.08819376219072e-05,0.872664621790656,0.00565545942568091,0.872664625997165,0.00565545997819827,0.872664625997165,80,"unif",0.872664625997165,"contact","Palencia et al. (2022)","Palencia2022SiteB","Capreolus capreolus","Bushnell","Aggressor Trophy Cam","Spain",0.5,22.50201,2018,0.942477796076938,NA,"Cervidae","Capreolus","Ungulata","capreolus",NA
"25","B-RedDeer Palencia22","Palencia22",0.940895446560826,0.00756515087673149,0.942477790775521,0.00739559404292001,0.942477796076938,0.00739559379989319,0.942477796076938,337,"hr",0.940895446560826,"contact","Palencia et al. (2022)","Palencia2022SiteB","Cervus elaphus","Bushnell","Aggressor Trophy Cam","Spain",1.4,240.86713,2018,0.942477796076938,NA,"Cervidae","Cervus","Ungulata","elaphus",NA
"26","C-RedDeer Palencia22","Palencia22",0.95831943631193,0.000678431080975317,0.959931082995686,0.000694555081341752,0.959931088596881,0.000694555097003335,0.959931088596881,67,"unif",0.959931088596881,"contact","Palencia et al. (2022)","Palencia2022SiteC","Cervus elaphus","Little Acorn","5310 Series","Spain",0.5,240.86713,2018,0.959931088596881,NA,"Cervidae","Cervus","Ungulata","elaphus",NA
"27","D-RedDeer Palencia22","Palencia22",0.0149009790888789,0.000480638725353311,0.792863060748447,0.000558816270563645,0.562528273308091,0.000310872061272116,0.959931088596881,182,"hn",0.792863060748447,"contact","Palencia et al. (2022)","Palencia2022SiteD","Cervus elaphus","Little Acorn","5310 Series","Spain",0.5,240.86713,2018,0.959931088596881,NA,"Cervidae","Cervus","Ungulata","elaphus",NA
"28","F-WildBoar1 Palencia22","Palencia22",0.582061083784315,0.000737239152150071,0.476846426763523,0.000931108033368044,0.522557166506275,0.000864321248719269,0.802851455917391,67,"hn",0.476846426763523,"contact","Palencia et al. (2022)","Palencia2022SiteF","Sus scrofa","Little Acorn","5313 Series","Spain",0.5,84.47154,2018,0.802851455917391,NA,"Suidae","Sus","Ungulata","scrofa",NA
"29","Crested porcupine Palencia24","Palencia24",0.628914557450161,0.708160000993753,0.590919685432993,0.803672119155792,0.587188546357494,0.797353633981014,0.98,188,"hn",0.590919685432993,"0.73","Palencia et al. (2024)","Palencia24","Hystrix cristata","Browning","Strike Force HD X Pro","Italy",0.5,13.40627,2022,0.98,NA,"Hystricidae","Hystrix","Rodentia","cristata",NA
"30","Hedgehog IpswichWest2017 Schaus20","Schaus20",0.345684796137383,0.127562895206226,0.378277239537396,0.0258611668292318,0.322088485091996,0.191984147149959,0.436332312998582,409,"unif",0.322088485091996,"60","Schaus et al. (2020)","IpswichWest2017 Schaus20","Erinaceus europaeus","Bushnell","119537","UK",0.2,0.77795,2017,0.436332312998582,NA,"Erinaceidae","Erinaceus","Rodentia","europaeus",NA
"31","Hedgehog IpswichEast2018 Schaus20","Schaus20",0.435599743617486,0.0106150108801119,0.436332156591015,0.0113688235523196,0.436332312998582,0.0113688986830403,0.436332312998582,77,"unif",0.436332312998582,"60","Schaus et al. (2020)","IpswichEast2018 Schaus20","Erinaceus europaeus","Bushnell","119537","UK",0.2,0.77795,2017,0.436332312998582,NA,"Erinaceidae","Erinaceus","Rodentia","europaeus",NA
"32","Hedgehog Reading2016 Schaus20","Schaus20",0.435599743617486,0.190110626145887,0.436325342469305,0.191064232081906,0.436332312998582,0.191063009256931,0.436332312998582,89,"hn",0.436325342469305,"60","Schaus et al. (2020)","Reading2016 Schaus20","Erinaceus europaeus","Bushnell","119537","UK",0.2,0.77795,2017,0.436332312998582,NA,"Erinaceidae","Erinaceus","Rodentia","europaeus",NA
"33","hedgehog Southwell2016 Schaus20","Schaus20",0.435599743617602,0.00901838447448644,0.436332156534282,0.00967410268329627,0.436332312998582,0.00967419459781116,0.436332312998582,110,"unif",0.436332312998582,"60","Schaus et al. (2020)","Southwell2016 Schaus20","Erinaceus europaeus","Bushnell","119537","UK",0.2,0.77795,2017,0.436332312998582,NA,"Erinaceidae","Erinaceus","Rodentia","europaeus",NA
"34","Banded civet_old-growth forest Wearn22","Wearn22",0.418310941095259,0.151723505558706,0.325940976322065,0.882025725372775,0.346674942560627,0.931887529103484,0.670326635,130,"unif",0.346674942560627,"5","Wearn et al. (2022)","Wearn22 old-growth","Hemigalus derbyanus","Reconyx","HC500","Malaysia",0.3,1.2627,2011,0.844321568,NA,"Viverridae","Hemigalus","Carnivora","derbyanus",NA
"35","Banded civet_logged forest Wearn22","Wearn22",0.269627154185025,0.998272806921746,0.30652818369552,0.56805679441449,0.301779406928298,0.668434739694852,0.479973203,91,"hr",0.269627154185025,"5","Wearn et al. (2022)","Wearn22 logged","Hemigalus derbyanus","Reconyx","HC500","Malaysia",0.3,1.2627,2011,1.002329788,NA,"Viverridae","Hemigalus","Carnivora","derbyanus",NA
"36","Banteng_logged forest Wearn22","Wearn22",0.364536961404001,0.792438539026501,0.35551976240402,0.711288372963557,0.345601629767912,0.709253990147938,0.565855318,105,"hr",0.364536961404001,"5","Wearn et al. (2022)","Wearn22 logged","Bos javanicus","Reconyx","HC500","Malaysia",0.3,635.97434,2011,1.002329788,NA,"Bovidae","Bos","Ungulata","javanicus",NA
"37","Bearded pig_old-growth forest Wearn22","Wearn22",0.416103069611749,4.64202289979232e-05,0.311311623185728,0.159807602591499,0.317696856732502,0.123189691254731,0.789297529,332,"hn",0.311311623185728,"5","Wearn et al. (2022)","Wearn22 old-growth","Sus barbatus","Reconyx","HC500","Malaysia",0.3,135.80595,2011,0.844321568,NA,"Suidae","Sus","Ungulata","barbatus",NA
"38","Bearded pig_logged forest Wearn22","Wearn22",0.354745537303171,0.0144734104697423,0.323589435391371,0.302255976072179,0.349788136632096,0.00064765484309115,0.933549739,1241,"hn",0.323589435391371,"5","Wearn et al. (2022)","Wearn22 logged","Sus barbatus","Reconyx","HC500","Malaysia",0.3,135.80595,2011,1.002329788,NA,"Suidae","Sus","Ungulata","barbatus",NA
"39","Bornean orangutan_logged forest Wearn22","Wearn22",0.291770540460759,0.849808699321099,0.333200328109039,0.568934931789888,0.333548433052774,0.566639347707182,0.579239544,76,"hr",0.291770540460759,"5","Wearn et al. (2022)","Wearn22 logged","Pongo pygmaeus","Reconyx","HC500","Malaysia",0.3,53.40829,2011,1.002329788,NA,"Hominidae","Pongo","Primates","pygmaeus",NA
"40","Bulwer's pheasant_old-growth forest Wearn22","Wearn22",0.425547700309576,0.812933424637295,0.394687877919976,0.820272258625157,0.455063672,0.479260941077702,0.455063672,50,"hn",0.394687877919976,"5","Wearn et al. (2022)","Wearn22 old-growth","Lophura bulweri","Reconyx","HC500","Malaysia",0.3,1.2452,2011,0.844321568,NA,"Phasianidae","Lophura","Aves","bulweri",NA
"41","Crested fireback_logged forest Wearn22","Wearn22",0.213640263091569,0.845769858980224,0.29847763423985,0.0318145739524697,0.265587237184051,0.312018549372403,0.514177336,264,"hr",0.213640263091569,"5","Wearn et al. (2022)","Wearn22 logged","Lophura ignita","Reconyx","HC500","Malaysia",0.3,1.7681,2011,1.002329788,NA,"Phasianidae","Lophura","Aves","ignita",NA
"42","Great argus_old-growth forest Wearn22","Wearn22",0.43746818344509,0.427494987124691,0.327604761971542,0.176625294154176,0.338847429110548,0.252467651228471,0.665493442,150,"hr",0.43746818344509,"5","Wearn et al. (2022)","Wearn22 old-growth","Argusianus argus","Reconyx","HC500","Malaysia",0.3,1.9599,2011,0.844321568,NA,"Phasianidae","Argusianus","Aves","argus",NA
"43","Great argus_logged forest Wearn22","Wearn22",0.364956339272633,0.252163180188584,0.286776384548803,0.00312394958354179,0.288727053453298,0.00294442540736983,0.765503351,183,"hr",0.364956339272633,"5","Wearn et al. (2022)","Wearn22 logged","Argusianus argus","Reconyx","HC500","Malaysia",0.3,1.9599,2011,1.002329788,NA,"Phasianidae","Argusianus","Aves","argus",NA
"44","Greater mouse-deer_old-growth forest Wearn22","Wearn22",0.359621729360637,0.0203462941903635,0.316568656698513,0.261296254794395,0.294849027278532,0.134969566112813,0.587047009,739,"hn",0.316568656698513,"5","Wearn et al. (2022)","Wearn22 old-growth","Tragulus napu","Reconyx","HC500","Malaysia",0.3,5.27367,2011,0.844321568,NA,"Tragulidae","Tragulus","Ungulata","napu",NA
"45","Lesser mouse-deer_old-growth forest Wearn22","Wearn22",0.407395962757689,0.0892227503715486,0.299566345199297,0.157153709255986,0.353807508761828,0.959742156350967,0.559534989,200,"unif",0.353807508761828,"5","Wearn et al. (2022)","Wearn22 old-growth","Tragulus kanchil","Reconyx","HC500","Malaysia",0.3,2.25,2011,0.844321568,NA,"Tragulidae","Tragulus","Ungulata","kanchil",NA
"46","Lesser mouse-deer_logged forest Wearn22","Wearn22",0.347144513377743,0.980690395994681,0.303641641738805,0.67911697838294,0.29639275818587,0.47673462584705,0.518638744,117,"hr",0.347144513377743,"5","Wearn et al. (2022)","Wearn22 logged","Tragulus kanchil","Reconyx","HC500","Malaysia",0.3,2.25,2011,1.002329788,NA,"Tragulidae","Tragulus","Ungulata","kanchil",NA
"47","Long-tailed porcupine_old-growth forest Wearn22","Wearn22",0.322238189058664,0.778458898251578,0.298226337597456,0.958571856332627,0.293938503840103,0.961264080026591,0.494472781,136,"unif",0.293938503840103,"5","Wearn et al. (2022)","Wearn22 old-growth","Trichys fasciculata","Reconyx","HC500","Malaysia",0.3,1.75,2011,0.844321568,NA,"Hystricidae","Trichys","Rodentia","fasciculata",NA
"48","Long-tailed porcupine_logged forest Wearn22","Wearn22",0.25488209708681,0.787017724540116,0.252059052345072,0.741740134623532,0.274072311653784,0.502085189372205,0.527561561,80,"hr",0.25488209708681,"5","Wearn et al. (2022)","Wearn22 logged","Trichys fasciculata","Reconyx","HC500","Malaysia",0.3,1.75,2011,1.002329788,NA,"Hystricidae","Trichys","Rodentia","fasciculata",NA
"49","Malay civet_old-growth forest Wearn22","Wearn22",0.414618019972383,0.549519000050213,0.321358948049092,0.768444314451158,0.355296387395619,0.947789922672315,0.691146541,83,"unif",0.355296387395619,"5","Wearn et al. (2022)","Wearn22 old-growth","Viverra tangalunga","Reconyx","HC500","Malaysia",0.3,4,2011,0.844321568,NA,"Viverridae","Viverra","Carnivora","tangalunga",NA
"50","Malay civet_logged forest Wearn22","Wearn22",0.402772157424658,0.259572219716174,0.32273221177678,0.000873798595569242,0.380982804080164,0.0707593534022628,0.647647808,259,"hr",0.402772157424658,"5","Wearn et al. (2022)","Wearn22 logged","Viverra tangalunga","Reconyx","HC500","Malaysia",0.3,4,2011,1.002329788,NA,"Viverridae","Viverra","Carnivora","tangalunga",NA
"51","Malay porcupine_old-growth forest Wearn22","Wearn22",0.341520317692046,0.842089429567064,0.286409722239415,0.443353200686692,0.315939019317494,0.57175106536954,0.604892643,73,"hr",0.341520317692046,"5","Wearn et al. (2022)","Wearn22 old-growth","Hystrix brachyura","Reconyx","HC500","Malaysia",0.3,8,2011,0.844321568,NA,"Hystricidae","Hystrix","Rodentia","brachyura",NA
"52","Malay porcupine_logged forest Wearn22","Wearn22",0.289053928671795,0.912875019049566,0.270885126665786,0.737387841529976,0.321058963622942,0.00302126379273338,0.847295841,199,"hr",0.289053928671795,"5","Wearn et al. (2022)","Wearn22 logged","Hystrix brachyura","Reconyx","HC500","Malaysia",0.3,8,2011,1.002329788,NA,"Hystricidae","Hystrix","Rodentia","brachyura",NA
"53","Pig-tailed macaque_old-growth forest Wearn22","Wearn22",0.36324705149405,0.0207968471846731,0.285050521362083,0.686890919972454,0.291377219646826,0.776920602550709,0.628315038,302,"unif",0.291377219646826,"5","Wearn et al. (2022)","Wearn22 old-growth","Macaca nemestrina","Reconyx","HC500","Malaysia",0.3,7.82078,2011,0.844321568,NA,"Cercopithecidae","Macaca","Primates","nemestrina",NA
"54","Pig-tailed macaque_logged forest Wearn22","Wearn22",0.324443124429435,0.223164220015177,0.283116801762018,0.955370654025424,0.28126840925618,0.916481416331973,0.722748185,359,"hn",0.283116801762018,"5","Wearn et al. (2022)","Wearn22 logged","Macaca nemestrina","Reconyx","HC500","Malaysia",0.3,7.82078,2011,1.002329788,NA,"Cercopithecidae","Macaca","Primates","nemestrina",NA
"55","Red muntjac_old-growth forest Wearn22","Wearn22",0.282877675562055,0.0529506520803811,0.310485750694349,0.000180307626339693,0.323286193360426,6.7333236191125e-06,0.844321568,1396,"hr",0.282877675562055,"5","Wearn et al. (2022)","Wearn22 old-growth","Muntiacus muntjak","Reconyx","HC500","Malaysia",0.3,17.61159,2011,0.844321568,NA,"Cervidae","Muntiacus","Ungulata","muntjak",NA
"56","Red muntjac_logged forest Wearn22","Wearn22",0.343874032056296,0.0574379515309202,0.326877694777035,0.179077706830518,0.338028661270339,0.0207867265008259,0.903435232,1766,"hn",0.326877694777035,"5","Wearn et al. (2022)","Wearn22 logged","Muntiacus muntjak","Reconyx","HC500","Malaysia",0.3,17.61159,2011,1.002329788,NA,"Cervidae","Muntiacus","Ungulata","muntjak",NA
"57","Sambar deer_old-growth forest Wearn22","Wearn22",0.290415631474989,0.782549419028102,0.327307781425986,0.491927427589197,0.33660563412995,0.412751207907101,0.738734899,164,"hr",0.290415631474989,"5","Wearn et al. (2022)","Wearn22 old-growth","Rusa unicolor","Reconyx","HC500","Malaysia",0.3,177.5229,2011,0.844321568,NA,"Cervidae","Rusa","Ungulata","unicolor",NA
"58","Sambar deer_logged forest Wearn22","Wearn22",0.326364292916021,0.368345863957766,0.300578821334826,0.441080509915361,0.375367993430213,0.000408862556164014,1.002329788,1114,"hn",0.300578821334826,"5","Wearn et al. (2022)","Wearn22 logged","Rusa unicolor","Reconyx","HC500","Malaysia",0.3,177.5229,2011,1.002329788,NA,"Cervidae","Rusa","Ungulata","unicolor",NA
"59","Sun bear_logged forest Wearn22","Wearn22",0.478353630505505,0.134607673871475,0.37410709365711,0.74165139673145,0.372645121816055,0.614981028115968,0.698210438,102,"hn",0.37410709365711,"5","Wearn et al. (2022)","Wearn22 logged","Helarctos malayanus","Reconyx","HC500","Malaysia",0.3,57.07578,2011,1.002329788,NA,"Ursidae","Helarctos","Carnivora","malayanus",NA
"60","Thick-spined porcupine_old-growth forest Wearn22","Wearn22",0.337716205466734,0.108218850860429,0.302532445320137,0.0674375294682478,0.320939172959829,0.067614380065628,0.485549964,54,"hr",0.337716205466734,"5","Wearn et al. (2022)","Wearn22 old-growth","Hystrix crassispinis","Reconyx","HC502","Malaysia",0.3,4.5846,2011,0.844321568,NA,"Hystricidae","Hystrix","Rodentia","crassispinis",NA
"61","Yellow muntjac_old-growth forest Wearn22","Wearn22",0.422260182020979,0.0251125066650701,0.369092534138613,0.676884459385733,0.334800215933423,0.355096966583849,0.733901707,445,"hn",0.369092534138613,"5","Wearn et al. (2022)","Wearn22 old-growth","Muntiacus atherodes","Reconyx","HC500","Malaysia",0.3,18.9391,2011,0.844321568,NA,"Cervidae","Muntiacus","Ungulata","atherodes",NA
"62","Yellow muntjac_logged forest Wearn22","Wearn22",0.381958377529768,0.147682811392426,0.335118455191512,0.0471935276483565,0.329488684526407,0.0373412469555859,0.5825856,122,"hr",0.381958377529768,"5","Wearn et al. (2022)","Wearn22 logged","Muntiacus atherodes","Reconyx","HC500","Malaysia",0.3,18.9391,2011,1.002329788,NA,"Cervidae","Muntiacus","Ungulata","atherodes",NA
"63","Columbidae Wiegers24","Wiegers24",0.389408416775505,0.00153913077065893,0.636486595260459,0.00027264085912615,0.555063843320968,0.00164468372725846,0.795164396104234,159,"unif",0.555063843320968,"3","this paper","this paper","Columbidae","Browning","Spec Ops Advantage","French Guiana",0.3,0.15,2022,0.941781087080262,NA,"Columbidae","Columbidae","Aves",NA,NA
"64","Pecari_tajacu Wiegers24","Wiegers24",0.516541401052267,0.344694536976783,0.604857894580118,0.0234209849207767,0.594351139422247,0.0395812731958823,0.941781087080262,587,"hr",0.516541401052267,"3","this paper","this paper","Pecari tajacu","Browning","Spec Ops Advantage","French Guiana",0.3,26,2022,0.941781087080262,NA,"Tayassuidae","Pecari","Ungulata","tajacu",NA
"65","Metachirus_nudicaudatus Wiegers24","Wiegers24",0.762413823018627,0.000886241400428367,0.600819931667899,9.96900895952058e-05,0.593279596331312,7.75572940929781e-05,0.91536366528278,820,"hr",0.762413823018627,"3","this paper","this paper","Metachirus nudicaudatus","Browning","Spec Ops Advantage","French Guiana",0.3,0.39,2022,0.941781087080262,NA,"Didelphidae","Metachirus","Carnivora","nudicaudatus",NA
"66","Proechimys Wiegers24","Wiegers24",0.244881267301596,0.0023688450929219,0.551251012852839,1.97109934034767e-05,0.475767206622512,5.5839808932312e-07,0.791956566314538,351,"hr",0.244881267301596,"3","this paper","this paper","Proechimys","Browning","Spec Ops Advantage","French Guiana",0.3,0.35,2022,0.941781087080262,NA,"Echimyidae","Proechimys","Rodentia",NA,NA
"67","Psophia_crepitans Wiegers24","Wiegers24",0.770997431261767,9.43000846520547e-07,0.625279888989284,4.94763006002596e-05,0.66062226849856,4.43547236539388e-06,0.912910618973014,1157,"hn",0.625279888989284,"3","this paper","this paper","Psophia crepitans","Browning","Spec Ops Advantage","French Guiana",0.3,1.3,2022,0.941781087080262,NA,"Psophiidae","Psophia","Aves","crepitans",NA
"68","Philander_opossum Wiegers24","Wiegers24",0.311386014430626,0.0109380014269999,0.545479267464448,4.71299767434985e-07,0.495248162478054,1.60886130869953e-05,0.86951056887715,420,"hr",0.311386014430626,"3","this paper","this paper","Philander opossum","Browning","Spec Ops Advantage","French Guiana",0.3,0.41,2022,0.941781087080262,NA,"Didelphidae","Philander","Carnivora","opossum",NA
"69","Tinamus_major Wiegers24","Wiegers24",0.793892963404326,2.55304804597234e-06,0.655991208099279,1.49849306696481e-06,0.649054246871676,2.7975818244208e-06,0.937441082070676,650,"unif",0.649054246871676,"3","this paper","this paper","Tinamus major","Browning","Spec Ops Advantage","French Guiana",0.3,1.1,2022,0.941781087080262,NA,"Tinamidae","Tinamus","Aves","major",NA
"70","Mazama_nemorivaga Wiegers24","Wiegers24",0.598764557227596,0.246529523029562,0.695877336112565,0.065595553777298,0.670807250269142,0.119049326595933,0.941781087080262,448,"hr",0.598764557227596,"3","this paper","this paper","Mazama nemorivaga","Browning","Spec Ops Advantage","French Guiana",0.3,18,2022,0.941781087080262,NA,"Cervidae","Mazama","Ungulata","nemorivaga",NA
"71","Crypturellus_variegatus Wiegers24","Wiegers24",0.764365859684343,2.95035797768239e-05,0.620549605796084,0.000572699185695247,0.577014102248658,0.00228849859731806,0.886115805435568,206,"unif",0.577014102248658,"3","this paper","this paper","Crypturellus variegatus","Browning","Spec Ops Advantage","French Guiana",0.3,0.35,2022,0.941781087080262,NA,"Tinamidae","Crypturellus","Aves","variegatus",NA
"72","Dasyprocta_leporina Wiegers24","Wiegers24",0.538277112605277,4.07037236463959e-05,0.616936657155676,2.71786415113606e-05,0.606137031902915,1.44418688847736e-05,0.939328040770496,2234,"hr",0.538277112605277,"3","this paper","this paper","Dasyprocta leporina","Browning","Spec Ops Advantage","French Guiana",0.3,4.45,2022,0.941781087080262,NA,"Dasyproctidae","Dasyprocta","Rodentia","leporina",NA
"73","Myoprocta_acouchy Wiegers24","Wiegers24",0.764434843049465,0.000409996923762534,0.626884861641437,1.16569158056246e-05,0.619815284481377,6.22257002913518e-06,0.883474063255818,1276,"hr",0.764434843049465,"3","this paper","this paper","Myoprocta acouchy","Browning","Spec Ops Advantage","French Guiana",0.3,1.25,2022,0.941781087080262,NA,"Dasyproctidae","Myoprocta","Rodentia","acouchy",NA
"74","Didelphis_marsupialis Wiegers24","Wiegers24",0.723443622083561,8.87556052083793e-05,0.592117971580956,0.00808183221654291,0.580749485052795,0.0102862730554996,0.895361903064686,435,"unif",0.580749485052795,"3","this paper","this paper","Didelphis marsupialis","Browning","Spec Ops Advantage","French Guiana",0.3,1.085,2022,0.941781087080262,NA,"Didelphidae","Didelphis","Carnivora","marsupialis",NA
"75","Dasypus Wiegers24","Wiegers24",0.758907049183884,0.000173950709469017,0.623994974458886,0.00019301134020544,0.65429573709309,9.98276505959073e-05,0.922722804212078,422,"hn",0.623994974458886,"3","this paper","this paper","Dasypus","Browning","Spec Ops Advantage","French Guiana",0.3,7.325,2022,0.941781087080262,NA,"Dasypodidae","Dasypus","Ungulata",NA,NA
"76","Mazama_americana Wiegers24","Wiegers24",0.60624151458539,0.542719559635068,0.713510333128188,0.0386894437149303,0.613032488472216,0.649701396176979,0.940837607730352,422,"unif",0.613032488472216,"3","this paper","this paper","Mazama americana","Browning","Spec Ops Advantage","French Guiana",0.3,36,2022,0.941781087080262,NA,"Cervidae","Mazama","Ungulata","americana",NA
"77","Tayassu_pecari Wiegers24","Wiegers24",0.830873533051813,0.719475484882061,0.73621653109759,0.826665661408139,0.728029039523108,0.82412846761341,0.938950649030532,68,"hn",0.73621653109759,"3","this paper","this paper","Tayassu pecari","Browning","Spec Ops Advantage","French Guiana",0.3,35,2022,0.941781087080262,NA,"Tayassuidae","Tayassu","Ungulata","pecari",NA
"78","Leopardus_pardalis Wiegers24","Wiegers24",0.875209130284925,0.109828398832748,0.876679743104839,0.113206817304376,0.876681011936466,0.113208246140268,0.876681011936466,76,"unif",0.876681011936466,"3","this paper","this paper","Leopardus pardalis","Browning","Spec Ops Advantage","French Guiana",0.3,10,2022,0.941781087080262,NA,"Felidae","Leopardus","Carnivora","pardalis",NA
"79","Cuniculus_paca Wiegers24","Wiegers24",0.790311457291384,4.69944854142312e-07,0.663565879227714,2.36640851957182e-05,0.670617244360936,1.28989084522413e-05,0.939894128380442,778,"hn",0.663565879227714,"3","this paper","this paper","Cuniculus paca","Browning","Spec Ops Advantage","French Guiana",0.3,9,2022,0.941781087080262,NA,"Cuniculidae","Cuniculus","Rodentia","paca",NA
"80","Eira_barbara Wiegers24","Wiegers24",0.647137390798563,0.587063654738364,0.690206835355293,0.536055203342148,0.667988574207716,0.608079644832848,0.82856356509105,98,"unif",0.667988574207716,"3","this paper","this paper","Eira barbara","Browning","Spec Ops Advantage","French Guiana",0.3,4.85,2022,0.941781087080262,NA,"Mustelidae","Eira","Carnivora","barbara",NA
"81","Crax_alector Wiegers24","Wiegers24",0.79552840377846,0.0257626899622004,0.686319500267575,0.0531240726932739,0.674840635486769,0.0606123363727704,0.938384561420586,131,"unif",0.674840635486769,"3","this paper","this paper","Crax alector","Browning","Spec Ops Advantage","French Guiana",0.3,3.1,2022,0.941781087080262,NA,"Cracidae","Crax","Aves","alector",NA
"82","Tapirus_terrestris Wiegers24","Wiegers24",0.418751919273833,0.72719025794646,0.448861630010151,0.30304321421096,0.405486748989633,0.644909957081375,0.918571495072474,58,"hr",0.418751919273833,"3","this paper","this paper","Tapirus terrestris","Browning","Spec Ops Advantage","French Guiana",0.3,169.49664,2022,0.941781087080262,NA,"Tapiridae","Tapirus","Ungulata","terrestris",NA
"83","Roe deer Zampetti24","Zampetti24",0.958319436311972,0.514985460494104,0.959930716616073,0.51995607561673,0.959931088596881,0.519956104257588,0.959931088596881,60,"unif",0.959931088596881,"1","Zampetti et al. (2024)","Zampetti","Capreolus capreolus","Browning","Patriot","Italy",0.7,22.50201,2022,0.959931088596881,NA,"Cervidae","Capreolus","Ungulata","capreolus",NA
"84","Fox Zampetti24","Zampetti24",0.742662575231033,0.956413432671639,0.774468310150764,0.919288068877766,0.74606112450901,0.955548630483789,0.959931088596881,111,"hr",0.742662575231033,"1","Zampetti et al. (2024)","Zampetti","Vulpes vulpes","Browning","Patriot","Italy",0.7,4.82036,2022,0.959931088596881,NA,"Canidae","Vulpes","Carnivora","vulpes",NA
"85",NA,NA,NA,NA,NA,NA,NA,NA,0.907111111,NA,NA,0.287833333,"contact","Rowcliffe et al. (2011)","Rowcliffe11","Proechimys semispinosus","Reconyx","RC55","Panama",0.2,0.4,2008,0.907111111,109,"Echimyidae","Proechimys","Rodentia","semispinosus",NA
"86",NA,NA,NA,NA,NA,NA,NA,NA,0.907111111,NA,NA,0.272133333,"contact","Rowcliffe et al. (2011)","Rowcliffe11","Sciurus granatensis","Reconyx","RC55","Panama",0.2,0.4,2008,0.907111111,55,"Sciuridae","Sciurus","Rodentia","granatensis",NA
"87",NA,NA,NA,NA,NA,NA,NA,NA,0.907111111,NA,NA,0.307022222,"contact","Rowcliffe et al. (2011)","Rowcliffe11","Dasyprocta punctata","Reconyx","RC55","Panama",0.2,3.5,2008,0.907111111,724,"Dasyproctidae","Dasyprocta","Rodentia","punctata",NA
"88",NA,NA,NA,NA,NA,NA,NA,NA,0.907111111,NA,NA,0.3297,"contact","Rowcliffe et al. (2011)","Rowcliffe11","Nasua narica","Reconyx","RC55","Panama",0.2,4,2008,0.907111111,57,"Procyonidae","Nasua","Carnivora","narica",NA
"89",NA,NA,NA,NA,NA,NA,NA,NA,0.907111111,NA,NA,0.305277778,"contact","Rowcliffe et al. (2011)","Rowcliffe11","Cuniculus paca","Reconyx","RC55","Panama",0.2,8,2008,0.907111111,137,"Cuniculidae","Cuniculus","Rodentia","paca",NA
"90",NA,NA,NA,NA,NA,NA,NA,NA,0.907111111,NA,NA,0.279111111,"contact","Rowcliffe et al. (2011)","Rowcliffe11","Leopardus pardalis","Reconyx","RC55","Panama",0.2,11.9,2008,0.907111111,72,"Felidae","Leopardus","Carnivora","pardalis",NA
"91",NA,NA,NA,NA,NA,NA,NA,NA,0.907111111,NA,NA,0.387266667,"contact","Rowcliffe et al. (2011)","Rowcliffe11","Mazama americana","Reconyx","RC55","Panama",0.2,22.8,2008,0.907111111,81,"Cervidae","Mazama","Ungulata","americana",NA
"92",NA,NA,NA,NA,NA,NA,NA,NA,0.907111111,NA,NA,0.450066667,"contact","Rowcliffe et al. (2011)","Rowcliffe11","Pecari tajacu","Reconyx","RC55","Panama",0.2,25.2,2008,0.907111111,114,"Tayassuidae","Pecari","Ungulata","tajacu",NA
"93",NA,NA,NA,NA,NA,NA,NA,NA,0.66,NA,NA,0.271,"900","Khoo et al. (2021)","Singapore 2019","Tragulus kanchil","Bushnell","Aggressor Trophy Cam","Singapore",0.3,1.88993,2019,0.66,64,"Tragulidae","Tragulus","Ungulata","kanchil",NA
"94",NA,NA,NA,NA,NA,NA,NA,NA,0.66,NA,NA,0.308,"900","Khoo et al. (2021)","Singapore 2020","Sus scrofa","Bushnell","Aggressor Trophy Cam","Singapore",0.3,84.47154,2019,0.66,507,"Suidae","Sus","Ungulata","scrofa",NA
"95",NA,NA,NA,NA,NA,NA,NA,NA,0.66,NA,NA,0.281,"900","Khoo et al. (2021)","Singapore 2019","Rusa unicolor","Bushnell","Aggressor Trophy Cam","Singapore",0.3,177.5229,2019,0.66,57,"Cervidae","Rusa","Ungulata","unicolor",NA
"96",NA,NA,NA,NA,NA,NA,NA,NA,0.66,NA,NA,0.278,"900","Khoo et al. (2021)","Singapore 2020","Tragulus kanchil","Bushnell","Aggressor Trophy Cam","Singapore",0.3,1.88993,2019,0.66,154,"Tragulidae","Tragulus","Ungulata","kanchil",NA
"97",NA,NA,NA,NA,NA,NA,NA,NA,0.66,NA,NA,0.309,"900","Khoo et al. (2021)","Singapore 2019","Sus scrofa","Bushnell","Aggressor Trophy Cam","Singapore",0.3,84.47154,2019,0.66,439,"Suidae","Sus","Ungulata","scrofa",NA
"98",NA,NA,NA,NA,NA,NA,NA,NA,0.66,NA,NA,0.235,"900","Khoo et al. (2021)","Singapore 2020","Rusa unicolor","Bushnell","Aggressor Trophy Cam","Singapore",0.3,177.5229,2019,0.66,57,"Cervidae","Rusa","Ungulata","unicolor",NA
"99",NA,NA,NA,NA,NA,NA,NA,NA,0.66,NA,NA,0.3379,"contact","Rahman et al. (2017)","Bawean Island","Axis kuhlii","Bushnell","Trophy Cam HD Max","Indonesia",0.4,54.99999,2014,0.66,54,"Cervidae","Axis","Ungulata","kuhlii",NA
"100",NA,NA,NA,NA,NA,NA,NA,NA,0.907571,NA,NA,0.803,"contact","Palencia and Barroso (2024)","PB24","Dama dama","Spromise","S308","Spain",0.5,57.2,2023,0.907571,188,"Cervidae","Dama","Ungulata","dama",NA
"101",NA,NA,NA,NA,NA,NA,NA,NA,0.907571,NA,NA,0.44,"contact","Palencia and Barroso (2024)","PB24","Vulpes vulpes","Spromise","S308","Spain",0.5,4.8,2023,0.907571,192,"Canidae","Vulpes","Carnivora","vulpes",NA
"102",NA,NA,NA,NA,NA,NA,NA,NA,0.907571,NA,NA,0.8,"contact","Palencia and Barroso (2024)","PB24","Cervus elaphus","Spromise","S308","Spain",0.5,240.9,2023,0.907571,481,"Cervidae","Cervus","Ungulata","elaphus",NA
"103",NA,NA,NA,NA,NA,NA,NA,NA,0.907571,NA,NA,0.786,"contact","Palencia and Barroso (2024)","PB24","Capreolus capreolus","Spromise","S308","Spain",0.5,22.5,2023,0.907571,437,"Cervidae","Capreolus","Ungulata","capreolus",NA
"104",NA,NA,NA,NA,NA,NA,NA,NA,0.907571,NA,NA,0.779,"contact","Palencia and Barroso (2024)","PB24","Sus scrofa","Spromise","S308","Spain",0.5,84.5,2023,0.907571,317,"Suidae","Sus","Ungulata","scrofa",NA
