"","ID","ref","r.hr","pvalue.hr","r.hn","pvalue.hn","r.unif","pvalue.unif","max_r","ndet","right","best.key","full.r","T","reference","site","Scientific_name","ct_brand","ct_type","Country","ct_height","body_mass","start_year","max_r_site","left","data.family","data.genus","data.order","data.species","LOOCV_predicted_r"
"1","Aardvark Bessone20","Bessone20",4.34007009335113,0.0132953941108618,4.56925298241728,0.000561704703385235,4.18426400013286,0.0118619399782406,9,320,9,"hr",4.34007009335113,"2","Bessone et al. (2020)","Bessone20","Orycteropus afer","Bushnell","119776","DRC",0.8,52.3,2016,12,NA,"Orycteropodidae","Orycteropus","Carnivora","afer",NA
"2","African golden cat Bessone20","Bessone20",6.10631672296754,0.0951944214648508,4.87198368546407,0.0389552425852664,4.85709161295166,0.0773992837499589,6.5,78,12,"hr",6.10631672296754,"2","Bessone et al. (2020)","Bessone20","Caracal aurata","Bushnell","119776","DRC",0.8,10.6,2016,12,NA,"Felidae","Caracal","Carnivora","aurata",NA
"3","Allen's swamp monkey Bessone20","Bessone20",5.64601829809388,2.42808465789057e-06,3.35334826914921,3.9740609276695e-06,4.7678629251596,3.5001981254501e-06,11,969,12,"hn",3.35334826914921,"2","Bessone et al. (2020)","Bessone20","Allenopithecus nigroviridis","Bushnell","119776","DRC",0.8,4.7,2016,12,NA,"Cercopithecidae","Allenopithecus","Primates","nigroviridis",NA
"4","Bonobo Bessone20","Bessone20",5.8331308667312,0.0190615025391134,4.12237598594046,0.0230689191639289,4.29889642678249,0.0218107266146051,11,5255,12,"hn",4.12237598594046,"2","Bessone et al. (2020)","Bessone20","Pan paniscus","Bushnell","119776","DRC",0.8,34,2016,12,NA,"Hominidae","Pan","Primates","paniscus",NA
"5","Brush-tailed porcupine Bessone20","Bessone20",5.13840608804862,0.000280966927351578,4.63283135091223,0.000161481165098176,4.56507930221011,0.00133766980913819,9,1765,12,"unif",4.56507930221011,"2","Bessone et al. (2020)","Bessone20","Atherurus africanus","Bushnell","119776","DRC",0.8,1.9,2016,12,NA,"Hystricidae","Atherurus","Rodentia","africanus",NA
"6","Congo peafowl Bessone20","Bessone20",5.35348358065728,0.000552017230752933,4.60344618894522,0.000654961857695757,5.0341807300307,0.0030465228651575,11,3106,12,"unif",5.0341807300307,"2","Bessone et al. (2020)","Bessone20","Afropavo congensis","Bushnell","119776","DRC",0.8,1.4,2016,12,NA,"Phasianidae","Afropavo","Aves","congensis",NA
"7","Four-toed sengi Bessone20","Bessone20",3.20795205482481,9.35801448352924e-05,1.96776433523321,2.48602941480547e-05,4.56507806197739,0.0367947470660345,4.5,216,12,"unif",4.56507806197739,"2","Bessone et al. (2020)","Bessone20","Petrodromus tetradactylus","Bushnell","119776","DRC",0.8,0.2,2016,12,NA,"Macroscelididae","Petrodromus","Rodentia","tetradactylus",NA
"8","Giant ground pangolin Bessone20","Bessone20",6.40712262302775,0.125612651527098,5.32241164261876,0.0826084618079025,4.71778051872999,0.0480446490833644,9,119,12,"hr",6.40712262302775,"2","Bessone et al. (2020)","Bessone20","Smutsia gigantea","Bushnell","119776","DRC",0.8,33,2016,12,NA,"Manidae","Smutsia","Carnivora","gigantea",NA
"9","Honey badger Bessone20","Bessone20",7.8322594221354,0.0124989138687326,5.66650871959151,0.00606430294326188,6.5436627268755,0.00858156924560405,9,169,12,"hr",7.8322594221354,"2","Bessone et al. (2020)","Bessone20","Mellivora capensis","Bushnell","119776","DRC",0.8,8,2016,12,NA,"Mustelidae","Mellivora","Carnivora","capensis",NA
"10","Sitatunga Bessone20","Bessone20",5.60207020919201,0.00994545230144039,4.06246314266826,0.00801665742460989,3.84397536877661,0.00859667740103953,11,408,12,"hr",5.60207020919201,"2","Bessone et al. (2020)","Bessone20","Tragelaphus spekii","Bushnell","119776","DRC",0.8,78,2016,12,NA,"Bovidae","Tragelaphus","Ungulata","spekii",NA
"11","Water chevrotain Bessone20","Bessone20",4.48270113617665,2.19473064920761e-05,3.92880978879124,1.59893532275523e-05,4.85709089307385,0.0145824346380634,9,1462,12,"unif",4.85709089307385,"2","Bessone et al. (2020)","Bessone20","Hyemoschus aquaticus","Bushnell","119776","DRC",0.8,10.8,2016,12,NA,"Tragulidae","Hyemoschus","Ungulata","aquaticus",NA
"12","Irish hare Caravaggi16","Caravaggi16",4.36354866333151,0.469568755430899,3.97589365537834,0.130655559498818,4.16521923489065,0.0631444873568013,8.79317917479224,435,9,"hr",4.36354866333151,"60","Caravaggi et al. (2016)","Caravaggi16","Lepus timidus","Bushnell","119477","Ireland",0.3,3.10542,2013,9,NA,"Leporidae","Lepus","Rodentia","timidus",NA
"13","White-tailed deer Delisle23","Delisle23",5.98840933668716,0.0257223351220806,6.74713594578942,0.0510682307822795,9.24519812208363,1.47374639314357e-06,15,1118,20,"hn",6.74713594578942,"1.9","Delisle et al. (2023)","Delisle23","Odocoileus virginianus","Browning","Strike Force/5HDE","USA",1,75.90125,2019,20,NA,"Cervidae","Odocoileus","Ungulata","virginianus",NA
"14","Bighorn sheep Harris20","Harris20",NA,NA,4.02326417694123,0.00696770759785736,8.30754456407188,0.140123378801792,20,1271,20,"unif",8.30754456407188,"15","Harris et al. (2020)","Harris20","Ovis canadensis","Bushnell","Trophy Cam","USA",1.05,74.64487,2017,20,NA,"Bovidae","Ovis","Ungulata","canadensis",NA
"15","Roe_deer-summer Henrich22","Henrich22",7.67795491246972,0.29242524927609,7.135954752121,0.534159584113172,6.46073242547522,0.419470477711202,14.66,325,15,"hn",7.135954752121,"contact","Henrich et al. (2022)","Henrich22","Capreolus capreolus","Cuddeback","C2","Germany",0.65,22.50201,2018,15,NA,"Cervidae","Capreolus","Ungulata","capreolus",NA
"16","Roe_deer-autumn Henrich22","Henrich22",7.96305057051972,0.755994625601458,6.28972404025834,0.426736175506546,6.32588843568602,0.422852430677277,14.05,103,15,"hr",7.96305057051972,"contact","Henrich et al. (2022)","Henrich22","Capreolus capreolus","Cuddeback","C2","Germany",0.65,22.50201,2018,15,NA,"Cervidae","Capreolus","Ungulata","capreolus",NA
"17","Roe_deer-spring Henrich22","Henrich22",8.34955944906514,0.98999797397847,6.82391077212382,0.327063144245231,6.83886082618793,0.323379653761935,15,166,15,"hr",8.34955944906514,"contact","Henrich et al. (2022)","Henrich22","Capreolus capreolus","Cuddeback","C3","Germany",0.65,23.50201,2018,15,NA,"Cervidae","Capreolus","Ungulata","capreolus",NA
"18","Red_deer-summer Henrich22","Henrich22",8.9021392196006,0.479568996048157,7.79756393920044,0.37540754726935,7.82857846270239,0.419706711441487,15,963,15,"hr",8.9021392196006,"contact","Henrich et al. (2022)","Henrich22","Cervus elaphus","Cuddeback","C2","Germany",0.65,240.86713,2018,15,NA,"Cervidae","Cervus","Ungulata","elaphus",NA
"19","Red_deer-autumn Henrich22","Henrich22",6.36807870373841,0.122468976142428,7.68350098973922,9.14753469393181e-05,7.43099245850411,0.000912263909098598,15,803,15,"hr",6.36807870373841,"contact","Henrich et al. (2022)","Henrich22","Cervus elaphus","Cuddeback","C2","Germany",0.65,240.86713,2018,15,NA,"Cervidae","Cervus","Ungulata","elaphus",NA
"20","Red_deer-spring Henrich22","Henrich22",10.6687288619436,0.820698487003697,9.77705072597043,0.62383483560954,9.57095057743907,0.590517650533929,15,495,15,"hr",10.6687288619436,"contact","Henrich et al. (2022)","Henrich22","Cervus elaphus","Cuddeback","C2","Germany",0.65,240.86713,2018,15,NA,"Cervidae","Cervus","Ungulata","elaphus",NA
"21","Red_deer-winter Henrich22","Henrich22",5.84694716122125,0.80934107247621,6.98663085429736,0.386487343142943,7.07023216753857,0.36042968794703,14.09,113,15,"hr",5.84694716122125,"contact","Henrich et al. (2022)","Henrich22","Cervus elaphus","Cuddeback","C2","Germany",0.65,240.86713,2018,15,NA,"Cervidae","Cervus","Ungulata","elaphus",NA
"22","Badger S-C Henrich23","Henrich23",6.54395547333349,0.00289060903696614,5.97430774820318,0.00107833006061742,5.45161895275701,0.000190958574321165,11,495,12,"hr",6.54395547333349,"2","Henrich et al. (2023)","Schorfheide-Chorin","Meles meles","Bushnell","119876","Germany",0.65,11.88403,2018,15,NA,"Mustelidae","Meles","Carnivora","meles",NA
"23","Beaver S-C Henrich23","Henrich23",7.00110544815084,0.00806860719258995,6.10730583129358,0.0342529000546714,6.49920288960244,0.0196558972746826,9,1343,10,"hn",6.10730583129358,"2","Henrich et al. (2023)","Schorfheide-Chorin","Castor fiber","Bushnell","119876","Germany",0.65,19,2018,15,NA,"Castoridae","Castor","Rodentia","fiber",NA
"24","Domestic cat S-C Henrich23","Henrich23",3.93291680667572,1.64607832253694e-06,3.26041226192718,1.59503659391547e-06,2.99769985823513,1.43375104566523e-06,6.5,445,7,"hr",3.93291680667572,"2","Henrich et al. (2023)","Schorfheide-Chorin","Felis catus","Bushnell","119876","Germany",0.65,2.8848,2018,15,NA,"Felidae","Felis","Carnivora","catus",NA
"25","Hare S-C Henrich23","Henrich23",4.87021441534083,0.000148966684677787,3.36805699403606,1.694631232807e-05,3.4911497790182,1.33778292288333e-06,6.5,210,7,"hr",4.87021441534083,"2","Henrich et al. (2023)","Schorfheide-Chorin","Lepus europaeus","Bushnell","119876","Germany",0.65,3.81643,2018,15,NA,"Leporidae","Lepus","Rodentia","europaeus",NA
"26","Raccoon S-C Henrich23","Henrich23",6.2578137113383,0.000771646777046775,4.87209315750246,0.000302397230200424,5.13847814694102,0.00154749165262169,11,3321,12,"unif",5.13847814694102,"2","Henrich et al. (2023)","Schorfheide-Chorin","Procyon lotor","Bushnell","119876","Germany",0.65,6.37372,2018,15,NA,"Procyonidae","Procyon","Carnivora","lotor",NA
"27","Water rail S-C Henrich23","Henrich23",4.52015420838943,1.42451264717458e-06,2.65654163299859,4.33168343638712e-06,3.53840641361551,7.98450220051983e-07,7.5,199,8,"hn",2.65654163299859,"2","Henrich et al. (2023)","Schorfheide-Chorin","Rallus aquaticus","Bushnell","119876","Germany",0.65,0.11,2018,15,NA,"Rallidae","Rallus","Aves","aquaticus",NA
"28","Red fox S-C Henrich23","Henrich23",4.35473940564135,4.82900243792272e-07,3.73922204267996,4.4759938242489e-06,4.61214284880195,0.00140201795523731,11,530,12,"unif",4.61214284880195,"2","Henrich et al. (2023)","Schorfheide-Chorin","Vulpes vulpes","Bushnell","119876","Germany",0.65,4.82036,2018,15,NA,"Canidae","Vulpes","Carnivora","vulpes",NA
"29","Roe deer S-C Henrich23","Henrich23",6.17283381286895,0.142345385365684,5.29805982884527,0.0958866836088568,6.1965566743231,0.295555030109653,13,29819,15,"unif",6.1965566743231,"2","Henrich et al. (2023)","Schorfheide-Chorin","Capreolus capreolus","Bushnell","119876","Germany",0.65,22.50201,2018,15,NA,"Cervidae","Capreolus","Ungulata","capreolus",NA
"30","Wild boar S-C Henrich23","Henrich23",5.55838631214481,0.0751381953728527,5.55756963741428,0.0957700697033376,5.67571779147099,0.108254864076872,11,26958,12,"unif",5.67571779147099,"2","Henrich et al. (2023)","Schorfheide-Chorin","Sus scrofa","Bushnell","119876","Germany",0.65,84.47154,2018,15,NA,"Suidae","Sus","Ungulata","scrofa",NA
"31","Red deer BFNP Henrich23","Henrich23",7.8833003555124,0.435635424677584,7.89079168035338,0.243884351523556,7.40938420027525,0.603953598626969,14.44501958,385,14.5,"unif",7.40938420027525,"2","Henrich et al. (2023)","Bavarian Forest National Park","Cervus elaphus","Cuddeback","C2","Germany",0.65,240.86713,2018,14.5,NA,"Cervidae","Cervus","Ungulata","elaphus",NA
"32","Roe deer BFNP Henrich23","Henrich23",8.44578076665199,0.503958220358428,7.6308382146494,0.235259152596591,7.30547682979607,0.246975422205279,12.6,121,13.5,"hr",8.44578076665199,"2","Henrich et al. (2023)","Bavarian Forest National Park","Capreolus capreolus","Cuddeback","C2","Germany",0.65,22.50201,2018,14.5,NA,"Cervidae","Capreolus","Ungulata","capreolus",NA
"33","Maxwell's duiker Houa22","Houa22",6.54640741665443,0.0285151922443788,5.49783483597971,0.0178222576407887,6.15000070267691,0.0255587390413967,13.5,13192,15,"hr",6.54640741665443,"2","Houa et al. (2022)","Houa22","Philantomba maxwellii","Bushnell","119877","Cote d'Ivoire",0.5,8.55769,2019,15,NA,"Bovidae","Philantomba","Ungulata","maxwellii",NA
"34","Jentink's duiker Houa22","Houa22",6.82819491106405,1.86343392369892e-05,5.90645250346471,9.43209037074233e-06,5.94163132576644,2.06206704864709e-05,13.5,2450,15,"unif",5.94163132576644,"2","Houa et al. (2022)","Houa22","Cephalophus jentinki","Bushnell","119877","Cote d'Ivoire",0.5,68.48954,2019,15,NA,"Bovidae","Cephalophus","Ungulata","jentinki",NA
"35","Pygmy hippopotamus Houa22","Houa22",5.177944580103,1.353662545589e-05,5.91031706294415,7.36399156986423e-07,6.71826546286948,0.00198684047737674,13.5,1217,15,"unif",6.71826546286948,"2","Houa et al. (2022)","Houa22","Hexaprotodon liberiensis","Bushnell","119877","Cote d'Ivoire",0.5,235.00116,2019,15,NA,"Hippopotamidae","Choeropsis","Ungulata","liberiensis",NA
"36","Chimpanzee Houa22","Houa22",8.66096777565393,8.14113512297432e-05,8.24662501388119,9.9514998581629e-05,7.86017714036907,0.000166647162834321,13.5,2421,15,"unif",7.86017714036907,"2","Houa et al. (2022)","Houa22","Pan troglodytes","Bushnell","119877","Cote d'Ivoire",0.5,45,2019,15,NA,"Hominidae","Pan","Primates","troglodytes",NA
"37","Hedgehog Mixed Lee25","Lee25",1.78171054520564,0.438564333333668,2.0482117215502,0.00939908649374277,2.12865714664059,0.00187051788264958,5,340,5,"hr",1.78171054520564,"300","Lee et al. (2025)","Mixed","Erinaceus europaeus","Bushnell","119837","UK",0.3,0.77795,2018,5,NA,"Erinaceidae","Erinaceus","Rodentia","europaeus",NA
"38","Hedgehog Arable Lee25","Lee25",2.21824714137354,0.466387730780906,1.89564456270684,0.465522882431981,2.1200262465559,0.0508645354968889,4,113,5,"hr",2.21824714137354,"300","Lee et al. (2025)","Arable","Erinaceus europaeus","Bushnell","119837","UK",0.3,0.77795,2018,5,NA,"Erinaceidae","Erinaceus","Rodentia","europaeus",NA
"39","Hedgehog Pasture Lee25","Lee25",1.78967886463982,0.818848915794218,2.16428535526596,0.0308088257406002,2.20505023822548,0.021425552075803,5,114,5,"hr",1.78967886463982,"300","Lee et al. (2025)","Pasture","Erinaceus europaeus","Bushnell","119837","UK",0.3,0.77795,2018,5,NA,"Erinaceidae","Erinaceus","Rodentia","europaeus",NA
"40","Dog-suburbs Li23","Li23",1.75859966282074,0.103301615930129,2.79770288662199,0.0211832048576582,2.26838764647065,0.0708377087834042,4,106,4,"hr",1.75859966282074,"3","Li et al. (2023)","suburbs","Canis lupus","H881","H881","China",0.45,31.75651,2021,4,NA,"Canidae","Canis","Carnivora","lupus",NA
"41","Dog-exurban Li23","Li23",2.22308684150821,0.273028858990308,2.28875463451425,0.199964650313294,2.39192462616642,0.144771496264346,4,87,4,"hr",2.22308684150821,"3","Li et al. (2023)","exurban","Canis lupus","H881","H881","China",0.45,31.75651,2021,4,NA,"Canidae","Canis","Carnivora","lupus",NA
"42","Dog-urban Li23","Li23",1.62945334911579,0.0716242292355803,2.42969606838965,0.000251482338036069,2.06949737563682,0.0070127846033099,4,121,4,"hr",1.62945334911579,"3","Li et al. (2023)","urban","Canis lupus","H881","H881","China",0.45,31.75651,2021,4,NA,"Canidae","Canis","Carnivora","lupus",NA
"43","Cat-suburbs Li23","Li23",1.85678317214057,0.192102359000306,2.07102062636918,0.00554691803143459,1.88459917108531,0.0806711511899317,4,173,4,"hr",1.85678317214057,"3","Li et al. (2023)","suburbs","Felis silvestris","H881","H881","China",0.45,4.57308,2021,4,NA,"Felidae","Felis","Carnivora","silvestris",NA
"44","Cat-urban Li23","Li23",1.80508578305709,0.000296140767844566,2.08573653562792,9.42213077725906e-05,1.90370674225064,0.000165198785320619,4,426,4,"hr",1.80508578305709,"3","Li et al. (2023)","urban","Felis silvestris","H881","H881","China",0.45,4.57308,2021,4,NA,"Felidae","Felis","Carnivora","silvestris",NA
"45","Siberian weasel-urban Li23","Li23",1.42003841984108,0.134118919232235,1.91427394241168,0.107880745044228,1.91167333626233,0.114489603317389,4,126,4,"hr",1.42003841984108,"3","Li et al. (2023)","urban","Mustela sibirica","H881","H881","China",0.45,0.53085,2021,4,NA,"Mustelidae","Mustela","Carnivora","sibirica",NA
"46","Siberian weasel-exurban Li23","Li23",1.66551247119051,0.0434527312809625,1.67936702850349,0.0100635057380275,1.72928257127564,0.00617745283778681,4,118,4,"hr",1.66551247119051,"3","Li et al. (2023)","exurban","Mustela sibirica","H881","H881","China",0.45,0.53085,2021,4,NA,"Mustelidae","Mustela","Carnivora","sibirica",NA
"47","Amur hedgehog-suburbs Li23","Li23",2.86029199809205,7.68233022360176e-05,2.37110025923096,1.52180220813758e-05,2.67645613132782,4.47074329541497e-05,4,733,4,"hr",2.86029199809205,"3","Li et al. (2023)","suburbs","Erinaceus amurensis","H881","H881","China",0.45,0.72197,2021,4,NA,"Erinaceidae","Erinaceus","Rodentia","amurensis",NA
"48","Amur hedgehog-urban Li23","Li23",2.26592164440668,0.0428741324671217,2.12548270379119,0.0658941030138368,2.12086057983383,0.0638091741423346,4,408,4,"hn",2.12548270379119,"3","Li et al. (2023)","urban","Erinaceus amurensis","H881","H881","China",0.45,0.72197,2021,4,NA,"Erinaceidae","Erinaceus","Rodentia","amurensis",NA
"49","Amur hedgehog-exurban Li23","Li23",1.49600320136792,0.000219979335841392,1.36726262337116,9.09584934460916e-06,1.60295518473548,2.5672108371122e-05,4,322,4,"hr",1.49600320136792,"3","Li et al. (2023)","exurban","Erinaceus amurensis","H881","H881","China",0.45,0.72197,2021,4,NA,"Erinaceidae","Erinaceus","Rodentia","amurensis",NA
"50","Tolai hare-suburbs Li23","Li23",1.44706195385509,0.0436386061923745,2.53957040137605,0.000375904970987162,2.2146384365365,0.00582067521702379,4,232,4,"hr",1.44706195385509,"3","Li et al. (2023)","suburbs","Lepus tolai","H881","H881","China",0.45,1.589,2021,4,NA,"Leporidae","Lepus","Rodentia","tolai",NA
"51","Tolai hare-exurban Li23","Li23",2.11309561000849,0.0178592682017686,2.41461460903233,0.000734561195663286,2.22252429552201,0.00612964787891401,4,367,4,"hr",2.11309561000849,"3","Li et al. (2023)","exurban","Lepus tolai","H881","H881","China",0.45,1.589,2021,4,NA,"Leporidae","Lepus","Rodentia","tolai",NA
"52","Brown hyena_McKaughan_survey1 McKaughan2023","McKaughan2023",10.6930543157652,0.0621029468117164,9.69558752928132,0.000750521485735289,9.22700204157173,0.000411470416177617,17,816,17,"hr",10.6930543157652,"0.5","McKaughan, Stephens & Hill (2023)","McKaughan_survey1 ","Hyaena brunnea","Browning","Strike Force HD Pro","South Africa",0.7,42.97793,2019,26,NA,"Hyaenidae","Hyaena","Carnivora","brunnea",NA
"53","African civet_McKaughan_survey1 McKaughan2023","McKaughan2023",11.5620846963587,0.00150431990103728,11.3871334609206,0.000404124976417841,9.94749945049706,3.41306702422717e-06,21,678,21,"hr",11.5620846963587,"0.5","McKaughan, Stephens & Hill (2023)","McKaughan_survey1 ","Civettictis civetta","Browning","Strike Force HD Pro","South Africa",0.7,12.07558,2019,26,NA,"Viverridae","Civettictis","Carnivora","civetta",NA
"54","Black-backed jackal_McKaughan_survey1 McKaughan2023","McKaughan2023",12.6146078228498,4.77622365975261e-05,11.6992787189735,0.00264391793002949,11.0854736049743,0.00526810075752571,21,3176,21,"unif",11.0854736049743,"0.5","McKaughan, Stephens & Hill (2023)","McKaughan_survey1 ","Canis mesomelas","Browning","Strike Force HD Pro","South Africa",0.7,8.2473,2019,26,NA,"Canidae","Canis","Carnivora","mesomelas",NA
"55","Caracal_McKaughan_survey1 McKaughan2023","McKaughan2023",12.6657992973273,0.493972599379157,9.96220550553,0.137607413044067,9.51946288948744,0.0461283795892984,23,78,23,"hr",12.6657992973273,"0.5","McKaughan, Stephens & Hill (2023)","McKaughan_survey2","Caracal caracal","Browning","Strike Force HD Pro","South Africa",0.7,11.96438,2019,23,NA,"Felidae","Caracal","Carnivora","caracal",NA
"56","Leopard_McKaughan_survey1 McKaughan2023","McKaughan2023",9.53443200502586,0.228687731782836,9.28712048921149,0.213694027853779,8.86571003777766,0.113030599952964,17,140,20,"hr",9.53443200502586,"0.5","McKaughan, Stephens & Hill (2023)","McKaughan_survey1 ","Panthera pardus","Browning","Strike Force HD Pro","South Africa",0.7,52.39999,2019,26,NA,"Felidae","Panthera","Carnivora","pardus",NA
"57","Brown hyena_McKaughan_survey2 McKaughan2023","McKaughan2023",5.72196994458436,0.0233775424390502,11.6850999791768,0.00724618745245442,11.7602998709379,0.00750165983569573,26,381,26,"hr",5.72196994458436,"0.5","McKaughan, Stephens & Hill (2023)","McKaughan_survey1 ","Hyaena brunnea","Browning","Strike Force HD Pro","South Africa",0.7,42.97793,2019,26,NA,"Hyaenidae","Hyaena","Carnivora","brunnea",NA
"58","African civet_McKaughan_survey2 McKaughan2023","McKaughan2023",9.78579162000341,0.425190768729082,9.08291390339526,0.366088610508573,10.1464673589182,0.145016726792182,18,65,18,"hr",9.78579162000341,"0.5","McKaughan, Stephens & Hill (2023)","McKaughan_survey2","Civettictis civetta","Browning","Strike Force HD Pro","South Africa",0.7,12.07558,2019,23,NA,"Viverridae","Civettictis","Carnivora","civetta",NA
"59","Black-backed jackal_McKaughan_survey2 McKaughan2023","McKaughan2023",9.5998078091536,0.00152923514449332,9.48939787942329,0.000154302975080789,8.81535714731871,1.66005067828712e-05,19,972,20,"hr",9.5998078091536,"0.5","McKaughan, Stephens & Hill (2023)","McKaughan_survey2","Canis mesomelas","Browning","Strike Force HD Pro","South Africa",0.7,8.2473,2019,23,NA,"Canidae","Canis","Carnivora","mesomelas",NA
"60","Badger Miles24","Miles24",3.81769078738761,0.916661534849494,3.1286312891954,0.59278882066085,3.40237358653988,0.596529041602643,6.471034385,61,8,"hr",3.81769078738761,"contact","Miles et al. (2024)","SiteABCDEF","Meles meles","Browning","Strike Force HD Pro","UK",0.35,11.88403,2019,8,NA,"Mustelidae","Meles","Carnivora","meles",NA
"61","A_RD_REM Palencia21","Palencia21",8.2726834714723,0.537919489486377,6.70828145876613,0.0603872261945239,8.3294231122908,5.04406754031628e-07,18,206,20,"hr",8.2726834714723,"contact","Palencia et al. (2021)","Palencia2021SiteA","Cervus elaphus","Bushnell","Aggressor Trophy Cam","Spain",0.45,240.86713,2018,20,NA,"Cervidae","Cervus","Ungulata","elaphus",NA
"62","A_WB_REM Palencia21","Palencia21",5.53133756648482,0.131325691452023,4.33439078989217,0.671920227615242,8.26207348039397,0.00143833842552521,15,196,20,"hn",4.33439078989217,"contact","Palencia et al. (2021)","Palencia2021SiteA","Sus scrofa","Bushnell","Aggressor Trophy Cam","Spain",0.45,84.47154,2018,20,NA,"Suidae","Sus","Ungulata","scrofa",NA
"63","A_RF_REM Palencia21","Palencia21",4.48404998017235,0.314106944360463,4.04762348359344,0.104905935561441,8.02245627012637,0.0161849436595004,12,213,20,"hr",4.48404998017235,"contact","Palencia et al. (2021)","Palencia2021SiteA","Vulpes vulpes","Bushnell","Aggressor Trophy Cam","Spain",0.45,4.82036,2018,20,NA,"Canidae","Vulpes","Carnivora","vulpes",NA
"64","B_RD_REM Palencia21","Palencia21",8.22868136451533,4.75965318635918e-06,6.40731703716052,0.168179053371893,8.86376635837954,0.00655043124031096,10,261,20,"hn",6.40731703716052,"contact","Palencia et al. (2021)","Palencia2021SiteB","Cervus elaphus","Bushnell","Aggressor Trophy Cam","Spain",0.45,240.86713,2018,20,NA,"Cervidae","Cervus","Ungulata","elaphus",NA
"65","B_WB_REM Palencia21","Palencia21",5.67111962894925,0.485200363022498,6.17647383557776,0.00845045346013951,8.28271660792151,0.000918600390464874,18,241,20,"hr",5.67111962894925,"contact","Palencia et al. (2021)","Palencia2021SiteB","Sus scrofa","Bushnell","Aggressor Trophy Cam","Spain",0.45,84.47154,2018,20,NA,"Suidae","Sus","Ungulata","scrofa",NA
"66","B_RF_REM Palencia21","Palencia21",5.79477186502878,0.207437089600307,4.83202697759144,0.201542577196743,8.02245760018774,0.00114481424052471,13,135,20,"hr",5.79477186502878,"contact","Palencia et al. (2021)","Palencia2021SiteB","Vulpes vulpes","Bushnell","Aggressor Trophy Cam","Spain",0.45,4.82036,2018,20,NA,"Canidae","Vulpes","Carnivora","vulpes",NA
"67","A-FallowDeer Palencia22","Palencia22",9.12532072414995,0.74172566413703,7.90284085305636,0.135268713046987,8.26206688925382,0.116787198652957,12,58,20,"hr",9.12532072414995,"contact","Palencia et al. (2022)","Palencia2022SiteA","Dama dama","Bushnell","Aggressor Trophy Cam","Spain",0.5,57.22461,2018,20,NA,"Cervidae","Dama","Ungulata","dama",NA
"68","A-WildBoar Palencia22","Palencia22",8.08549573070639,0.00844012051530119,4.84717007623287,0.175492991892576,8.20170782894027,0.00175137982695228,15,432,20,"hn",4.84717007623287,"contact","Palencia et al. (2022)","Palencia2022SiteA","Sus scrofa","Bushnell","Aggressor Trophy Cam","Spain",0.5,84.47154,2018,20,NA,"Suidae","Sus","Ungulata","scrofa",NA
"69","B-IberianHare Palencia22","Palencia22",6.09480799331617,0.939175717203778,4.95565123285029,0.926274359574127,7.72978103544604,3.31651549173584e-05,9,88,20,"hr",6.09480799331617,"contact","Palencia et al. (2022)","Palencia2022SiteB","Lepus granatensis","Browning","Strike Force HD Pro X","Spain",0.2,2.32394,2018,20,NA,"Leporidae","Lepus","Rodentia","granatensis",NA
"70","B-RoeDeer Palencia22","Palencia22",5.88351733316382,0.623390566931871,5.12621609146959,0.925170689325266,8.86095771338001,0.00022514713992372,12,80,20,"hn",5.12621609146959,"contact","Palencia et al. (2022)","Palencia2022SiteB","Capreolus capreolus","Bushnell","Aggressor Trophy Cam","Spain",0.5,22.50201,2018,20,NA,"Cervidae","Capreolus","Ungulata","capreolus",NA
"71","B-RedDeer Palencia22","Palencia22",6.12392754101209,0.724123612257294,4.74320819335629,0.166620234498713,7.72978158641515,0.00238397323264805,12,337,20,"hr",6.12392754101209,"contact","Palencia et al. (2022)","Palencia2022SiteB","Cervus elaphus","Bushnell","Aggressor Trophy Cam","Spain",1.4,240.86713,2018,20,NA,"Cervidae","Cervus","Ungulata","elaphus",NA
"72","C-RedDeer Palencia22","Palencia22",3.56346231745442,0.184125061890646,2.59187037425539,0.354391077439405,8.20170647660814,0.00776505041597664,7,69,20,"hn",2.59187037425539,"contact","Palencia et al. (2022)","Palencia2022SiteC","Cervus elaphus","Little Acorn","5310 Series","Spain",0.5,240.86713,2018,20,NA,"Cervidae","Cervus","Ungulata","elaphus",NA
"73","D-RedDeer Palencia22","Palencia22",4.50826812745766,0.0550616819833932,4.44732172610083,0.0262934412521005,8.26206717192095,0.0340572330930918,8.2,191,20,"hr",4.50826812745766,"contact","Palencia et al. (2022)","Palencia2022SiteD","Cervus elaphus","Little Acorn","5310 Series","Spain",0.5,240.86713,2018,20,NA,"Cervidae","Cervus","Ungulata","elaphus",NA
"74","F-WildBoar1 Palencia22","Palencia22",3.17124148599893,0.230560243751879,3.01610106625315,0.137023404736867,8.26207614225916,0.00679070914578705,8,67,20,"hr",3.17124148599893,"contact","Palencia et al. (2022)","Palencia2022SiteF","Sus scrofa","Little Acorn","5313 Series","Spain",0.5,84.47154,2018,20,NA,"Suidae","Sus","Ungulata","scrofa",NA
"75","Crested porcupine Palencia24","Palencia24",5.12810517851076,0.899043685380992,4.58478896785376,0.366993557428288,4.5552092038588,0.30069776388159,6.99,218,7,"hr",5.12810517851076,"0.73","Palencia et al. (2024)","Palencia24","Hystrix cristata","Browning","Strike Force HD X Pro","Italy",0.5,13.40627,2022,7,NA,"Hystricidae","Hystrix","Rodentia","cristata",NA
"76","Hedgehog IpswichWest2017 Schaus20","Schaus20",2.5113597883014,0.95380523127923,2.70225518304256,0.48789614784004,2.71896067414083,0.444163664781387,5,409,5,"hr",2.5113597883014,"60","Schaus et al. (2020)","IpswichWest2017 Schaus20","Erinaceus europaeus","Bushnell","119537","UK",0.2,0.77795,2017,5,NA,"Erinaceidae","Erinaceus","Rodentia","europaeus",NA
"77","Hedgehog IpswichEast2018 Schaus20","Schaus20",1.31177353601372,0.908778570310558,1.77032214684109,0.0107063914325013,1.80771240685213,0.00644133542178904,3.9,77,4,"hr",1.31177353601372,"60","Schaus et al. (2020)","IpswichEast2018 Schaus20","Erinaceus europaeus","Bushnell","119537","UK",0.2,0.77795,2017,4,NA,"Erinaceidae","Erinaceus","Rodentia","europaeus",NA
"78","Hedgehog Reading2016 Schaus20","Schaus20",0.9340032842337,0.733702152175378,1.74088209246978,2.94745926835427e-05,2.13509174503576,5.75454736817527e-06,4.69,89,5,"hr",0.9340032842337,"60","Schaus et al. (2020)","Reading2016 Schaus20","Erinaceus europaeus","Bushnell","119537","UK",0.2,0.77795,2017,5,NA,"Erinaceidae","Erinaceus","Rodentia","europaeus",NA
"79","hedgehog Southwell2016 Schaus20","Schaus20",1.39910249748655,0.961581943819847,1.72723195682824,0.122158349078571,1.54633351658954,0.599914566375553,2.92,110,3,"hr",1.39910249748655,"60","Schaus et al. (2020)","Southwell2016 Schaus20","Erinaceus europaeus","Bushnell","119537","UK",0.2,0.77795,2017,3,NA,"Erinaceidae","Erinaceus","Rodentia","europaeus",NA
"80","European badger_2020 Selonen24","Selonen24",8.67545835168469,0.00299711438745298,7.92009894355631,0.0217763718865109,8.26206933666019,1.23408896262056e-05,12,382,20,"hn",7.92009894355631,"1","Selonen et al. (2024)","Selonen24 2020","Meles meles","UOVision","595/785/4GLTE","Sweden",1.25,11.88403,2020,20,NA,"Mustelidae","Meles","Carnivora","meles",NA
"81","Red fox_2020 Selonen24","Selonen24",10.2368161697088,0.000437998931893335,8.08898230752657,0.0755294126442662,8.02245784838881,0.0547027456191079,12,232,20,"hn",8.08898230752657,"1","Selonen et al. (2024)","Selonen24 2020","Vulpes vulpes","UOVision","595/785/4GLTE","Sweden",1.25,4.82036,2020,20,NA,"Canidae","Vulpes","Carnivora","vulpes",NA
"82","Raccoon dog_2020 Selonen24","Selonen24",8.65169342584577,2.32488339861892e-05,6.73460028869365,0.0114090304676733,8.2635944933792,0.000481277714389439,12,1332,20,"hn",6.73460028869365,"1","Selonen et al. (2024)","Selonen24 2020","Nyctereutes procyonoides","UOVision","595/785/4GLTE","Sweden",1.25,4.21499,2020,20,NA,"Canidae","Nyctereutes","Carnivora","procyonoides",NA
"83","European badger_2021 Selonen24","Selonen24",6.89236422218533,0.00132813206825388,5.70703684166415,4.39674465072537e-05,8.86396122984421,0.216012478500395,14,2320,20,"unif",8.86396122984421,"1","Selonen et al. (2024)","Selonen24 2021","Meles meles","UOVision","595/785/4GLTE","Sweden",1.25,11.88403,2020,20,NA,"Mustelidae","Meles","Carnivora","meles",NA
"84","Raccoon dog_2021 Selonen24","Selonen24",5.62051112844696,0.00847141187362788,5.65016126244965,0.0228142158773627,8.26206887930565,0.314167608244589,18,6246,20,"unif",8.26206887930565,"1","Selonen et al. (2024)","Selonen24 2021","Nyctereutes procyonoides","UOVision","595/785/4GLTE","Sweden",1.25,4.21499,2020,20,NA,"Canidae","Nyctereutes","Carnivora","procyonoides",NA
"85","Red fox_2021 Selonen24","Selonen24",6.30653625165645,3.47931871836904e-05,6.65988220482622,0.00019476069903579,8.27726018019859,0.0621600334240477,20,2361,20,"unif",8.27726018019859,"1","Selonen et al. (2024)","Selonen24 2021","Vulpes vulpes","UOVision","595/785/4GLTE","Sweden",1.25,4.82036,2020,20,NA,"Canidae","Vulpes","Carnivora","vulpes",NA
"86","Banded civet_old-growth forest Wearn22","Wearn22",3.13292445945253,0.877914953757865,2.94100759759904,0.596650080690633,2.82338133574746,0.467503385089849,5.02495844,130,5.0379181728,"hr",3.13292445945253,"5","Wearn et al. (2022)","Wearn22 old-growth","Hemigalus derbyanus","Reconyx","HC500","Malaysia",0.3,1.2627,2011,7.255600379,NA,"Viverridae","Hemigalus","Carnivora","derbyanus",NA
"87","Banded civet_logged forest Wearn22","Wearn22",3.1421362814881,0.331476597307938,2.87759750094399,0.083857862134271,3.12335793181387,0.170956222059072,4.721052698,91,4.721052698,"hr",3.1421362814881,"5","Wearn et al. (2022)","Wearn22 logged","Hemigalus derbyanus","Reconyx","HC500","Malaysia",0.3,1.2627,2011,6.75470901,NA,"Viverridae","Hemigalus","Carnivora","derbyanus",NA
"88","Banteng_logged forest Wearn22","Wearn22",3.46274367116128,0.892620015251389,3.49408942826084,0.387007652896083,3.15500962174361,0.846268802565941,6.224885062,106,6.280693396,"hr",3.46274367116128,"5","Wearn et al. (2022)","Wearn22 logged","Bos javanicus","Reconyx","HC500","Malaysia",0.3,635.97434,2011,6.75470901,NA,"Bovidae","Bos","Ungulata","javanicus",NA
"89","Bearded pig_old-growth forest Wearn22","Wearn22",4.49962554965378,0.960484701887611,4.45555637759283,0.980834859424965,4.4647395527784,0.946570364634612,7.237997796,336,7.255600379,"hn",4.45555637759283,"5","Wearn et al. (2022)","Wearn22 old-growth","Sus barbatus","Reconyx","HC500","Malaysia",0.3,135.80595,2011,7.255600379,NA,"Suidae","Sus","Ungulata","barbatus",NA
"90","Bearded pig_logged forest Wearn22","Wearn22",4.88304544239098,0.492830809192656,4.3447792242717,0.0021245568614725,4.52349029850734,0.0915301804701326,6.753105912,1265,6.75470901,"hr",4.88304544239098,"5","Wearn et al. (2022)","Wearn22 logged","Sus barbatus","Reconyx","HC500","Malaysia",0.3,135.80595,2011,6.75470901,NA,"Suidae","Sus","Ungulata","barbatus",NA
"91","Bornean orangutan_logged forest Wearn22","Wearn22",3.9564812648912,0.912588924471481,3.30565081427055,0.742717208755267,3.5477670188811,0.77635235154328,4.794503514,76,4.914818494,"hr",3.9564812648912,"5","Wearn et al. (2022)","Wearn22 logged","Pongo pygmaeus","Reconyx","HC500","Malaysia",0.3,53.40829,2011,6.75470901,NA,"Hominidae","Pongo","Primates","pygmaeus",NA
"92","Bulwer's pheasant_old-growth forest Wearn22","Wearn22",1.70566937560548,0.661041079168301,1.72245748117769,0.59721889885565,1.67480250333864,0.645015253657864,2.423575361,50,2.4467560794,"hr",1.70566937560548,"5","Wearn et al. (2022)","Wearn22 old-growth","Lophura bulweri","Reconyx","HC500","Malaysia",0.3,1.2452,2011,7.255600379,NA,"Phasianidae","Lophura","Aves","bulweri",NA
"93","Crested fireback_logged forest Wearn22","Wearn22",1.92129651341329,0.914405211388482,1.44141607300533,0.809378094995678,1.58989983805454,0.840996165939165,3.197095308,264,3.2167021932,"hr",1.92129651341329,"5","Wearn et al. (2022)","Wearn22 logged","Lophura ignita","Reconyx","HC500","Malaysia",0.3,1.7681,2011,6.75470901,NA,"Phasianidae","Lophura","Aves","ignita",NA
"94","Great argus_old-growth forest Wearn22","Wearn22",1.96952736749057,0.985817152751495,1.68988289782948,0.816709026252656,1.78894533756584,0.640027509695632,3.382930207,150,3.383747346,"hr",1.96952736749057,"5","Wearn et al. (2022)","Wearn22 old-growth","Argusianus argus","Reconyx","HC500","Malaysia",0.3,1.9599,2011,7.255600379,NA,"Phasianidae","Argusianus","Aves","argus",NA
"95","Great argus_logged forest Wearn22","Wearn22",1.47392514779271,0.099491611942251,1.10969804237861,0.0643368790793459,1.1896339871036,0.0584173304391038,2.509974342,183,2.5284991308,"hr",1.47392514779271,"5","Wearn et al. (2022)","Wearn22 logged","Argusianus argus","Reconyx","HC500","Malaysia",0.3,1.9599,2011,6.75470901,NA,"Phasianidae","Argusianus","Aves","argus",NA
"96","Greater mouse-deer_old-growth forest Wearn22","Wearn22",2.90745309438409,0.511778914160513,2.86671276484688,0.0444242688874145,2.67996814779753,0.258793117833306,4.884974155,739,4.8857190616,"hr",2.90745309438409,"5","Wearn et al. (2022)","Wearn22 old-growth","Tragulus napu","Reconyx","HC500","Malaysia",0.3,5.27367,2011,7.255600379,NA,"Tragulidae","Tragulus","Ungulata","napu",NA
"97","Lesser mouse-deer_old-growth forest Wearn22","Wearn22",2.96427724024572,0.693926651420003,2.84079371976783,0.272097634491795,2.59914516938341,0.439705734320346,4.741114078,201,4.741114078,"hr",2.96427724024572,"5","Wearn et al. (2022)","Wearn22 old-growth","Tragulus kanchil","Reconyx","HC500","Malaysia",0.3,2.25,2011,7.255600379,NA,"Tragulidae","Tragulus","Ungulata","kanchil",NA
"98","Lesser mouse-deer_logged forest Wearn22","Wearn22",3.72389449127259,0.285151957662156,3.57295177761787,0.145386448312199,3.58411632625099,0.160907440604262,5.006902747,117,5.0175566454,"hr",3.72389449127259,"5","Wearn et al. (2022)","Wearn22 logged","Tragulus kanchil","Reconyx","HC500","Malaysia",0.3,2.25,2011,6.75470901,NA,"Tragulidae","Tragulus","Ungulata","kanchil",NA
"99","Long-tailed porcupine_old-growth forest Wearn22","Wearn22",3.70357777695599,0.688911670879206,3.23291029474909,0.462264911356873,3.18603710634403,0.383606923764395,6.017101041,136,6.023161571,"hr",3.70357777695599,"5","Wearn et al. (2022)","Wearn22 old-growth","Trichys fasciculata","Reconyx","HC500","Malaysia",0.3,1.75,2011,7.255600379,NA,"Hystricidae","Trichys","Rodentia","fasciculata",NA
"100","Long-tailed porcupine_logged forest Wearn22","Wearn22",3.41219692443488,0.077392170247327,3.41218662331464,0.077387697112723,3.41219692443488,0.077392170247327,3.553946682,80,3.5557120034,"hr",3.41219692443488,"5","Wearn et al. (2022)","Wearn22 logged","Trichys fasciculata","Reconyx","HC500","Malaysia",0.3,1.75,2011,6.75470901,NA,"Hystricidae","Trichys","Rodentia","fasciculata",NA
"101","Malay civet_old-growth forest Wearn22","Wearn22",2.39895955130012,0.978929695617648,2.1799967398169,0.92200286848724,2.20631372164947,0.912201008690849,3.711534842,83,3.7198378244,"hr",2.39895955130012,"5","Wearn et al. (2022)","Wearn22 old-growth","Viverra tangalunga","Reconyx","HC500","Malaysia",0.3,4,2011,7.255600379,NA,"Viverridae","Viverra","Carnivora","tangalunga",NA
"102","Malay civet_logged forest Wearn22","Wearn22",2.38355341673638,0.156928465288907,2.31895087973589,0.0796986656872375,2.20072652080298,0.0454904404126358,3.88670809,259,3.8907824082,"hr",2.38355341673638,"5","Wearn et al. (2022)","Wearn22 logged","Viverra tangalunga","Reconyx","HC500","Malaysia",0.3,4,2011,6.75470901,NA,"Viverridae","Viverra","Carnivora","tangalunga",NA
"103","Malay porcupine_old-growth forest Wearn22","Wearn22",4.86264306055192,0.437703581634534,4.18987968582556,0.26927774690036,4.1327197844985,0.225471454536944,6.650315378,73,6.7888518708,"hr",4.86264306055192,"5","Wearn et al. (2022)","Wearn22 old-growth","Hystrix brachyura","Reconyx","HC500","Malaysia",0.3,8,2011,7.255600379,NA,"Hystricidae","Hystrix","Rodentia","brachyura",NA
"104","Malay porcupine_logged forest Wearn22","Wearn22",3.28232916974649,0.733867089904927,3.15179141156937,0.825059775144641,3.12099741818743,0.770246060745921,5.011679335,200,5.0176836033,"hn",3.15179141156937,"5","Wearn et al. (2022)","Wearn22 logged","Hystrix brachyura","Reconyx","HC500","Malaysia",0.3,8,2011,6.75470901,NA,"Hystricidae","Hystrix","Rodentia","brachyura",NA
"105","Pig-tailed macaque_old-growth forest Wearn22","Wearn22",4.93740167092821,0.714209550988666,4.29494956926779,0.16510184503465,4.32773124986625,0.137927335674317,6.435225146,302,6.4624468538,"hr",4.93740167092821,"5","Wearn et al. (2022)","Wearn22 old-growth","Macaca nemestrina","Reconyx","HC500","Malaysia",0.3,7.82078,2011,7.255600379,NA,"Cercopithecidae","Macaca","Primates","nemestrina",NA
"106","Pig-tailed macaque_logged forest Wearn22","Wearn22",3.20169371681721,0.753192162056187,3.02004384499813,0.54761155729659,3.0216305228605,0.564570445936244,5.079312201,359,5.0797902888,"hr",3.20169371681721,"5","Wearn et al. (2022)","Wearn22 logged","Macaca nemestrina","Reconyx","HC500","Malaysia",0.3,7.82078,2011,6.75470901,NA,"Cercopithecidae","Macaca","Primates","nemestrina",NA
"107","Red muntjac_old-growth forest Wearn22","Wearn22",3.39162788768649,0.399753264986974,3.83437124340854,0.0751325555436527,4.01439489468793,0.027541382471193,6.264194542,1403,6.2765543228,"hr",3.39162788768649,"5","Wearn et al. (2022)","Wearn22 old-growth","Muntiacus muntjak","Reconyx","HC500","Malaysia",0.3,17.61159,2011,7.255600379,NA,"Cervidae","Muntiacus","Ungulata","muntjak",NA
"108","Red muntjac_logged forest Wearn22","Wearn22",3.49748509912546,0.158992070300599,3.4370615886854,0.10773289003327,3.47339678270823,0.0879726319966894,4.921630988,1770,4.9222551927,"hr",3.49748509912546,"5","Wearn et al. (2022)","Wearn22 logged","Muntiacus muntjak","Reconyx","HC500","Malaysia",0.3,17.61159,2011,6.75470901,NA,"Cervidae","Muntiacus","Ungulata","muntjak",NA
"109","Sambar deer_old-growth forest Wearn22","Wearn22",4.97504504824597,0.131363617284952,4.69604858919813,0.029855765940451,5.4444717326,0.00187846416693416,5.428922893,164,5.4444717326,"hr",4.97504504824597,"5","Wearn et al. (2022)","Wearn22 old-growth","Rusa unicolor","Reconyx","HC500","Malaysia",0.3,177.5229,2011,7.255600379,NA,"Cervidae","Rusa","Ungulata","unicolor",NA
"110","Sambar deer_logged forest Wearn22","Wearn22",4.01387335215921,0.0698571915983985,3.85626474539293,0.05875310334418,4.08152713598999,0.0230105386748917,5.700897481,1119,5.7020939462,"hr",4.01387335215921,"5","Wearn et al. (2022)","Wearn22 logged","Rusa unicolor","Reconyx","HC500","Malaysia",0.3,177.5229,2011,6.75470901,NA,"Cervidae","Rusa","Ungulata","unicolor",NA
"111","Sun bear_logged forest Wearn22","Wearn22",3.67297832131883,0.653797256875738,3.06401837468126,0.304208575809846,3.22344961666892,0.206546311555499,4.141200129,102,4.3812346128,"hr",3.67297832131883,"5","Wearn et al. (2022)","Wearn22 logged","Helarctos malayanus","Reconyx","HC500","Malaysia",0.3,57.07578,2011,6.75470901,NA,"Ursidae","Helarctos","Carnivora","malayanus",NA
"112","Thick-spined porcupine_old-growth forest Wearn22","Wearn22",5.41793218718026,0.724643399961663,4.55274246919299,0.407997877614787,4.39542736488773,0.331237033002554,6.342995331,54,6.4372671121,"hr",5.41793218718026,"5","Wearn et al. (2022)","Wearn22 old-growth","Hystrix crassispinis","Reconyx","HC502","Malaysia",0.3,4.5846,2011,7.255600379,NA,"Hystricidae","Hystrix","Rodentia","crassispinis",NA
"113","Yellow muntjac_old-growth forest Wearn22","Wearn22",3.64919517312602,0.545388170973945,3.79400264386282,0.288782410313047,4.10345219252698,0.312222690679875,6.019850322,447,6.0304577284,"hr",3.64919517312602,"5","Wearn et al. (2022)","Wearn22 old-growth","Muntiacus atherodes","Reconyx","HC500","Malaysia",0.3,18.9391,2011,7.255600379,NA,"Cervidae","Muntiacus","Ungulata","atherodes",NA
"114","Yellow muntjac_logged forest Wearn22","Wearn22",2.6893534045014,0.0516040536033334,2.40021990013043,0.0322195198363754,2.32327543433158,0.0268258304998243,5.065425151,122,5.1303641137,"hr",2.6893534045014,"5","Wearn et al. (2022)","Wearn22 logged","Muntiacus atherodes","Reconyx","HC500","Malaysia",0.3,18.9391,2011,6.75470901,NA,"Cervidae","Muntiacus","Ungulata","atherodes",NA
"115","Columbidae Wiegers24","Wiegers24",3.24879323318586,0.831867954834926,2.91624343867422,0.756432340329708,2.6781491847814,0.693785787842682,4.11924513885892,159,4.13291148969829,"hr",3.24879323318586,"3","this paper","this paper","Columbidae","Browning","Spec Ops Advantage","French Guiana",0.3,0.15,2022,9.00259638649353,NA,"Columbidae","Columbidae","Aves",NA,NA
"116","Pecari_tajacu Wiegers24","Wiegers24",7.40176990965892,0.567125634761059,6.89443934705961,0.63799047162729,7.22089957876443,0.536585363260444,9.00050515211064,600,9.00259638649353,"hn",6.89443934705961,"3","this paper","this paper","Pecari tajacu","Browning","Spec Ops Advantage","French Guiana",0.3,26,2022,9.00259638649353,NA,"Tayassuidae","Pecari","Ungulata","tajacu",NA
"117","Metachirus_nudicaudatus Wiegers24","Wiegers24",4.60981488531164,0.269281563650144,4.48653434987188,0.264004408303495,4.4003948588825,0.147395302379439,5.84050159664216,825,5.84235757279254,"hr",4.60981488531164,"3","this paper","this paper","Metachirus nudicaudatus","Browning","Spec Ops Advantage","French Guiana",0.3,0.39,2022,9.00259638649353,NA,"Didelphidae","Metachirus","Carnivora","nudicaudatus",NA
"118","Proechimys Wiegers24","Wiegers24",4.6600738246604,0.234417936254083,4.11394400878575,0.00523014769077901,3.91574781876785,0.000425463780034496,5.84864796896654,351,5.84864796896654,"hr",4.6600738246604,"3","this paper","this paper","Proechimys","Browning","Spec Ops Advantage","French Guiana",0.3,0.35,2022,9.00259638649353,NA,"Echimyidae","Proechimys","Rodentia",NA,NA
"119","Psophia_crepitans Wiegers24","Wiegers24",3.79685294045133,0.440920357938749,3.5486001626639,0.00826440956552377,3.410946191521,0.104050368028164,7.43796673658794,1175,7.4491120843949,"hr",3.79685294045133,"3","this paper","this paper","Psophia crepitans","Browning","Spec Ops Advantage","French Guiana",0.3,1.3,2022,9.00259638649353,NA,"Psophiidae","Psophia","Aves","crepitans",NA
"120","Philander_opossum Wiegers24","Wiegers24",5.51825229352798,0.18825455881665,5.30638547905683,0.0500139312338492,5.16381579016016,0.0145938488008414,6.22912209266074,423,6.25371362418606,"hr",5.51825229352798,"3","this paper","this paper","Philander opossum","Browning","Spec Ops Advantage","French Guiana",0.3,0.41,2022,9.00259638649353,NA,"Didelphidae","Philander","Carnivora","opossum",NA
"121","Tinamus_major Wiegers24","Wiegers24",2.96145049997377,0.749671330363805,2.79579424059864,0.516050677702476,2.71953313493611,0.446233404217965,4.5719899796919,650,4.57460411211864,"hr",2.96145049997377,"3","this paper","this paper","Tinamus major","Browning","Spec Ops Advantage","French Guiana",0.3,1.1,2022,9.00259638649353,NA,"Tinamidae","Tinamus","Aves","major",NA
"122","Mazama_nemorivaga Wiegers24","Wiegers24",5.74236974488765,0.240395366083653,5.64556698399725,0.0707171606454516,5.09588571665365,0.0480376631261231,8.40836660704218,453,8.46517051432311,"hr",5.74236974488765,"3","this paper","this paper","Mazama nemorivaga","Browning","Spec Ops Advantage","French Guiana",0.3,18,2022,9.00259638649353,NA,"Cervidae","Mazama","Ungulata","nemorivaga",NA
"123","Crypturellus_variegatus Wiegers24","Wiegers24",3.56006855891875,0.970832209598056,2.69880682942445,0.479905658395761,2.96205623951832,0.370735146206239,4.71987567090901,206,4.72508741327113,"hr",3.56006855891875,"3","this paper","this paper","Crypturellus variegatus","Browning","Spec Ops Advantage","French Guiana",0.3,0.35,2022,9.00259638649353,NA,"Tinamidae","Crypturellus","Aves","variegatus",NA
"124","Dasyprocta_leporina Wiegers24","Wiegers24",5.52674310631537,0.179630262240692,5.05420364460758,0.000579369038039235,5.13089089774929,0.00301510665451388,7.49943637442482,2264,7.51128146217838,"hr",5.52674310631537,"3","this paper","this paper","Dasyprocta leporina","Browning","Spec Ops Advantage","French Guiana",0.3,4.45,2022,9.00259638649353,NA,"Dasyproctidae","Dasyprocta","Rodentia","leporina",NA
"125","Myoprocta_acouchy Wiegers24","Wiegers24",5.60815247098907,0.157403363115664,5.21398884918789,0.00122574825580601,5.09173211802279,4.8544286850305e-05,7.02601626578099,1281,7.02601626578099,"hr",5.60815247098907,"3","this paper","this paper","Myoprocta acouchy","Browning","Spec Ops Advantage","French Guiana",0.3,1.25,2022,9.00259638649353,NA,"Dasyproctidae","Myoprocta","Rodentia","acouchy",NA
"126","Didelphis_marsupialis Wiegers24","Wiegers24",4.39302917119318,0.898198471182014,4.21778944905744,0.681183972763041,4.2701660685505,0.747418149719522,6.16646973597784,435,6.16909633821039,"hr",4.39302917119318,"3","this paper","this paper","Didelphis marsupialis","Browning","Spec Ops Advantage","French Guiana",0.3,1.085,2022,9.00259638649353,NA,"Didelphidae","Didelphis","Carnivora","marsupialis",NA
"127","Dasypus Wiegers24","Wiegers24",5.05347193785584,0.96073869327389,4.79908461827317,0.777085754157028,4.86416723026818,0.879083048832884,6.97740053651094,426,7.01182212222606,"hr",5.05347193785584,"3","this paper","this paper","Dasypus","Browning","Spec Ops Advantage","French Guiana",0.3,7.325,2022,9.00259638649353,NA,"Dasypodidae","Dasypus","Carnivora",NA,NA
"128","Mazama_americana Wiegers24","Wiegers24",5.54659123159142,0.55933536666697,5.27351576020595,0.307885023413946,5.22295028975362,0.375933561687091,8.15732159656481,426,8.16693966181034,"hr",5.54659123159142,"3","this paper","this paper","Mazama americana","Browning","Spec Ops Advantage","French Guiana",0.3,36,2022,9.00259638649353,NA,"Cervidae","Mazama","Ungulata","americana",NA
"129","Tayassu_pecari Wiegers24","Wiegers24",6.70247383043628,0.95771461841465,6.19046803499806,0.852097933307297,6.05150246407903,0.717772590899309,7.53548093598139,69,7.6064789971543,"hr",6.70247383043628,"3","this paper","this paper","Tayassu pecari","Browning","Spec Ops Advantage","French Guiana",0.3,35,2022,9.00259638649353,NA,"Tayassuidae","Tayassu","Ungulata","pecari",NA
"130","Leopardus_pardalis Wiegers24","Wiegers24",5.31128504404979,0.926021855435127,4.62009135513023,0.540944637744451,4.44805295131238,0.415118945827818,7.11259127947064,76,7.1658857560894,"hr",5.31128504404979,"3","this paper","this paper","Leopardus pardalis","Browning","Spec Ops Advantage","French Guiana",0.3,10,2022,9.00259638649353,NA,"Felidae","Leopardus","Carnivora","pardalis",NA
"131","Cuniculus_paca Wiegers24","Wiegers24",5.7795258769753,0.798954073269082,5.45130434607623,0.578679677292857,5.62166772614749,0.64004052390923,7.81340131357906,781,7.81340131357906,"hr",5.7795258769753,"3","this paper","this paper","Cuniculus paca","Browning","Spec Ops Advantage","French Guiana",0.3,9,2022,9.00259638649353,NA,"Cuniculidae","Cuniculus","Rodentia","paca",NA
"132","Eira_barbara Wiegers24","Wiegers24",6.53664041461517,0.338511518808004,5.72390093989139,0.126813596438373,5.91992673642104,0.0959154444036575,8.04688517344828,98,8.06808343191067,"hr",6.53664041461517,"3","this paper","this paper","Eira barbara","Browning","Spec Ops Advantage","French Guiana",0.3,4.85,2022,9.00259638649353,NA,"Mustelidae","Eira","Carnivora","barbara",NA
"133","Crax_alector Wiegers24","Wiegers24",3.24727465767223,0.0585113136252642,3.12885610410478,0.03013733998039,2.97855751003151,0.0179829508093367,5.21752565386628,131,5.21752565386628,"hr",3.24727465767223,"3","this paper","this paper","Crax alector","Browning","Spec Ops Advantage","French Guiana",0.3,3.1,2022,9.00259638649353,NA,"Cracidae","Crax","Aves","alector",NA
"134","Tapirus_terrestris Wiegers24","Wiegers24",5.81578594096447,0.414912786950269,5.31000388211659,0.105189949192648,5.13047371594309,0.0425587495193381,7.36702733585712,59,7.39868058299492,"hr",5.81578594096447,"3","this paper","this paper","Tapirus terrestris","Browning","Spec Ops Advantage","French Guiana",0.3,169.49664,2022,9.00259638649353,NA,"Tapiridae","Tapirus","Ungulata","terrestris",NA
"135","Roe deer Zampetti24","Zampetti24",7.4824249877234,0.749255273648732,6.20313587296058,0.648689208034441,6.62463444663594,0.714495801520941,10.92,61,12,"hr",7.4824249877234,"1","Zampetti et al. (2024)","Zampetti","Capreolus capreolus","Browning","Patriot","Italy",0.7,22.50201,2022,12,NA,"Cervidae","Capreolus","Ungulata","capreolus",NA
"136","Fox Zampetti24","Zampetti24",6.95710020835787,0.643121420407878,6.87624429063341,0.375739189992213,6.65392842454563,0.227328185206777,11.28,112,12,"hr",6.95710020835787,"1","Zampetti et al. (2024)","Zampetti","Vulpes vulpes","Browning","Patriot","Italy",0.7,4.82036,2022,12,NA,"Canidae","Vulpes","Carnivora","vulpes",NA
"137",NA,NA,NA,NA,NA,NA,NA,NA,6.25,109,NA,NA,1.47,"contact","Rowcliffe et al. (2011)","Rowcliffe11","Proechimys semispinosus","Reconyx","RC55","Panama",0.2,0.4,2008,6.25,0,"Echimyidae","Proechimys","Rodentia","semispinosus",NA
"138",NA,NA,NA,NA,NA,NA,NA,NA,6.25,55,NA,NA,1.88,"contact","Rowcliffe et al. (2011)","Rowcliffe11","Sciurus granatensis","Reconyx","RC55","Panama",0.2,0.4,2008,6.25,0,"Sciuridae","Sciurus","Rodentia","granatensis",NA
"139",NA,NA,NA,NA,NA,NA,NA,NA,6.25,724,NA,NA,2.54,"contact","Rowcliffe et al. (2011)","Rowcliffe11","Dasyprocta punctata","Reconyx","RC55","Panama",0.2,3.5,2008,6.25,0,"Dasyproctidae","Dasyprocta","Rodentia","punctata",NA
"140",NA,NA,NA,NA,NA,NA,NA,NA,6.25,57,NA,NA,2.11,"contact","Rowcliffe et al. (2011)","Rowcliffe11","Nasua narica","Reconyx","RC55","Panama",0.2,4,2008,6.25,0,"Procyonidae","Nasua","Carnivora","narica",NA
"141",NA,NA,NA,NA,NA,NA,NA,NA,6.25,137,NA,NA,2.55,"contact","Rowcliffe et al. (2011)","Rowcliffe11","Cuniculus paca","Reconyx","RC55","Panama",0.2,8,2008,6.25,0,"Cuniculidae","Cuniculus","Rodentia","paca",NA
"142",NA,NA,NA,NA,NA,NA,NA,NA,6.25,72,NA,NA,2.12,"contact","Rowcliffe et al. (2011)","Rowcliffe11","Leopardus pardalis","Reconyx","RC55","Panama",0.2,11.9,2008,6.25,0,"Felidae","Leopardus","Carnivora","pardalis",NA
"143",NA,NA,NA,NA,NA,NA,NA,NA,6.25,81,NA,NA,3.64,"contact","Rowcliffe et al. (2011)","Rowcliffe11","Mazama americana","Reconyx","RC55","Panama",0.2,22.8,2008,6.25,0,"Cervidae","Mazama","Ungulata","americana",NA
"144",NA,NA,NA,NA,NA,NA,NA,NA,6.25,114,NA,NA,3.54,"contact","Rowcliffe et al. (2011)","Rowcliffe11","Pecari tajacu","Reconyx","RC55","Panama",0.2,25.2,2008,6.25,0,"Tayassuidae","Pecari","Ungulata","tajacu",NA
"145",NA,NA,NA,NA,NA,NA,NA,NA,6.25,106,NA,NA,2.75,"contact","Jayasekara, Mahaulpatha & Miththapala (2021)","Madura Oya NP","Prionailurus viverrinus","Browning","Strike Force","Sri Lanka",0.25,8.82646,2019,6.25,1,"Felidae","Prionailurus","Carnivora","viverrinus",NA
"146",NA,NA,NA,NA,NA,NA,NA,NA,6.25,118,NA,NA,3.19,"contact","Jayasekara, Mahaulpatha & Miththapala (2021)","Madura Oya NP","Viverricula indica","Browning","Strike Force","Sri Lanka",0.25,2.91888,2019,6.25,1,"Viverridae","Viverricula","Carnivora","indica",NA
"147",NA,NA,NA,NA,NA,NA,NA,NA,6.25,52,NA,NA,3.35,"contact","Jayasekara, Mahaulpatha & Miththapala (2021)","Madura Oya NP","Urva vitticollis","Browning","Strike Force","Sri Lanka",0.25,2.38,2019,6.25,1,"Herpestidae","Urva","Carnivora","vitticollis",NA
"148",NA,NA,NA,NA,NA,NA,NA,NA,6.25,302,NA,NA,3.47,"contact","Jayasekara, Mahaulpatha & Miththapala (2021)","Madura Oya NP","Urva smithii","Browning","Strike Force","Sri Lanka",0.25,1.7025,2019,6.25,1,"Herpestidae","Urva","Carnivora","smithii",NA
"149",NA,NA,NA,NA,NA,NA,NA,NA,8,64,NA,NA,2.15,"900","Khoo et al. (2021)","Singapore 2019","Tragulus kanchil","Bushnell","Trophy Cam HD Aggressor","Singapore",0.3,1.88993,2019,8,0,"Tragulidae","Tragulus","Ungulata","kanchil",NA
"150",NA,NA,NA,NA,NA,NA,NA,NA,8,507,NA,NA,3.59,"900","Khoo et al. (2021)","Singapore 2020","Sus scrofa","Bushnell","Trophy Cam HD Aggressor","Singapore",0.3,84.47154,2019,8,0,"Suidae","Sus","Ungulata","scrofa",NA
"151",NA,NA,NA,NA,NA,NA,NA,NA,8,57,NA,NA,5.73,"900","Khoo et al. (2021)","Singapore 2019","Rusa unicolor","Bushnell","Trophy Cam HD Aggressor","Singapore",0.3,177.5229,2019,8,0,"Cervidae","Rusa","Ungulata","unicolor",NA
"152",NA,NA,NA,NA,NA,NA,NA,NA,8,154,NA,NA,3.01,"900","Khoo et al. (2021)","Singapore 2020","Tragulus kanchil","Bushnell","Trophy Cam HD Aggressor","Singapore",0.3,1.88993,2019,8,0,"Tragulidae","Tragulus","Ungulata","kanchil",NA
"153",NA,NA,NA,NA,NA,NA,NA,NA,8,439,NA,NA,4.45,"900","Khoo et al. (2021)","Singapore 2019","Sus scrofa","Bushnell","Trophy Cam HD Aggressor","Singapore",0.3,84.47154,2019,8,0,"Suidae","Sus","Ungulata","scrofa",NA
"154",NA,NA,NA,NA,NA,NA,NA,NA,8,57,NA,NA,5.92,"900","Khoo et al. (2021)","Singapore 2020","Rusa unicolor","Bushnell","Trophy Cam HD Aggressor","Singapore",0.3,177.5229,2019,8,0,"Cervidae","Rusa","Ungulata","unicolor",NA
"155",NA,NA,NA,NA,NA,NA,NA,NA,15,108,NA,NA,5.95,"900","Hofmeester, Rowcliffe & Jansen (2016)","Hofmeester dense understory","Capreolus capreolus","Reconyx","HC500","Netherlands",0.4,22.5,2013,15,0,"Cervidae","Capreolus","Ungulata","capreolus",NA
"156",NA,NA,NA,NA,NA,NA,NA,NA,15,131,NA,NA,7.24,"900","Hofmeester, Rowcliffe & Jansen (2016)","Hofmeester dense understory","Dama dama","Reconyx","HC500","Netherlands",0.4,57.2,2013,15,0,"Cervidae","Dama","Ungulata","dama",NA
"157",NA,NA,NA,NA,NA,NA,NA,NA,15,633,NA,NA,5.4,"900","Hofmeester, Rowcliffe & Jansen (2016)","Hofmeester dense understory","Sus scrofa","Reconyx","HC500","Netherlands",0.4,84.5,2013,15,0,"Suidae","Sus","Ungulata","scrofa",NA
"158",NA,NA,NA,NA,NA,NA,NA,NA,15,460,NA,NA,8.45,"900","Hofmeester, Rowcliffe & Jansen (2016)","Hofmeester dense understory","Cervus elaphus","Reconyx","HC500","Netherlands",0.4,240.9,2013,15,0,"Cervidae","Cervus","Ungulata","elaphus",NA
"159",NA,NA,NA,NA,NA,NA,NA,NA,15,199,NA,NA,4.77,"900","Hofmeester, Rowcliffe & Jansen (2016)","Hofmeester open understory","Lepus europaeus","Reconyx","HC500","Netherlands",0.4,3.8,2013,15,0,"Leporidae","Lepus","Rodentia","europaeus",NA
"160",NA,NA,NA,NA,NA,NA,NA,NA,15,132,NA,NA,4.37,"900","Hofmeester, Rowcliffe & Jansen (2016)","Hofmeester open understory","Vulpes vulpes","Reconyx","HC500","Netherlands",0.4,4.8,2013,15,0,"Canidae","Vulpes","Carnivora","vulpes",NA
"161",NA,NA,NA,NA,NA,NA,NA,NA,15,68,NA,NA,7.38,"900","Hofmeester, Rowcliffe & Jansen (2016)","Hofmeester open understory","Meles meles","Reconyx","HC500","Netherlands",0.4,11.9,2013,15,0,"Mustelidae","Meles","Carnivora","meles",NA
"162",NA,NA,NA,NA,NA,NA,NA,NA,15,763,NA,NA,6.11,"900","Hofmeester, Rowcliffe & Jansen (2016)","Hofmeester open understory","Capreolus capreolus","Reconyx","HC500","Netherlands",0.4,22.5,2013,15,0,"Cervidae","Capreolus","Ungulata","capreolus",NA
"163",NA,NA,NA,NA,NA,NA,NA,NA,15,188,NA,NA,5.967,"contact","Palencia and Barroso (2024)","PB24","Dama dama","Spromise","S308","Spain",0.5,57.2,2023,15,0,"Cervidae","Dama","Ungulata","dama",NA
"164",NA,NA,NA,NA,NA,NA,NA,NA,15,192,NA,NA,4.514,"contact","Palencia and Barroso (2024)","PB24","Vulpes vulpes","Spromise","S308","Spain",0.5,4.8,2023,15,0,"Canidae","Vulpes","Carnivora","vulpes",NA
"165",NA,NA,NA,NA,NA,NA,NA,NA,15,481,NA,NA,6.281,"contact","Palencia and Barroso (2024)","PB24","Cervus elaphus","Spromise","S308","Spain",0.5,240.9,2023,15,0,"Cervidae","Cervus","Ungulata","elaphus",NA
"166",NA,NA,NA,NA,NA,NA,NA,NA,15,437,NA,NA,5.244,"contact","Palencia and Barroso (2024)","PB24","Capreolus capreolus","Spromise","S308","Spain",0.5,22.5,2023,15,0,"Cervidae","Capreolus","Ungulata","capreolus",NA
"167",NA,NA,NA,NA,NA,NA,NA,NA,15,317,NA,NA,4.377,"contact","Palencia and Barroso (2024)","PB24","Sus scrofa","Spromise","S308","Spain",0.5,84.5,2023,15,0,"Suidae","Sus","Ungulata","scrofa",NA
